00:20:14:075  INFO 3104 --- [main] com.hmall.gateway.GatewayApplication     : The following 1 profile is active: "local"
00:20:14:533  INFO 3104 --- [main] o.s.cloud.context.scope.GenericScope     : BeanFactory id=f3992655-5d5d-3628-8942-d79751412408
00:20:14:570  INFO 3104 --- [main] trationDelegate$BeanPostProcessorChecker : Bean 'org.springframework.cloud.client.loadbalancer.reactive.LoadBalancerBeanPostProcessorAutoConfiguration' of type [org.springframework.cloud.client.loadbalancer.reactive.LoadBalancerBeanPostProcessorAutoConfiguration] is not eligible for getting processed by all BeanPostProcessors (for example: not eligible for auto-proxying)
00:20:14:571  INFO 3104 --- [main] trationDelegate$BeanPostProcessorChecker : Bean 'org.springframework.cloud.client.loadbalancer.reactive.LoadBalancerBeanPostProcessorAutoConfiguration$ReactorDeferringLoadBalancerFilterConfig' of type [org.springframework.cloud.client.loadbalancer.reactive.LoadBalancerBeanPostProcessorAutoConfiguration$ReactorDeferringLoadBalancerFilterConfig] is not eligible for getting processed by all BeanPostProcessors (for example: not eligible for auto-proxying)
00:20:14:573  INFO 3104 --- [main] trationDelegate$BeanPostProcessorChecker : Bean 'reactorDeferringLoadBalancerExchangeFilterFunction' of type [org.springframework.cloud.client.loadbalancer.reactive.DeferringLoadBalancerExchangeFilterFunction] is not eligible for getting processed by all BeanPostProcessors (for example: not eligible for auto-proxying)
00:20:15:185 DEBUG 3104 --- [main] c.h.gateway.route.DynamicRouteLoader     : 监听到路由配置变更，[
    {
        "id": "item",
        "predicates": [{
            "name": "Path",
            "args": {"_genkey_0":"/items/**", "_genkey_1":"/search/**"}
        }],
        "filters": [],
        "uri": "lb://item-service"
    },
    {
        "id": "cart",
        "predicates": [{
            "name": "Path",
            "args": {"_genkey_0":"/carts/**"}
        }],
        "filters": [],
        "uri": "lb://cart-service"
    },
    {
        "id": "user",
        "predicates": [{
            "name": "Path",
            "args": {"_genkey_0":"/users/**", "_genkey_1":"/addresses/**"}
        }],
        "filters": [],
        "uri": "lb://user-service"
    },
    {
        "id": "trade",
        "predicates": [{
            "name": "Path",
            "args": {"_genkey_0":"/orders/**"}
        }],
        "filters": [],
        "uri": "lb://trade-service"
    },
    {
        "id": "pay",
        "predicates": [{
            "name": "Path",
            "args": {"_genkey_0":"/pay-orders/**"}
        }],
        "filters": [],
        "uri": "lb://pay-service"
    }
]
00:20:16:212  INFO 3104 --- [main] o.s.c.g.r.RouteDefinitionRouteLocator    : Loaded RoutePredicateFactory [After]
00:20:16:212  INFO 3104 --- [main] o.s.c.g.r.RouteDefinitionRouteLocator    : Loaded RoutePredicateFactory [Before]
00:20:16:212  INFO 3104 --- [main] o.s.c.g.r.RouteDefinitionRouteLocator    : Loaded RoutePredicateFactory [Between]
00:20:16:212  INFO 3104 --- [main] o.s.c.g.r.RouteDefinitionRouteLocator    : Loaded RoutePredicateFactory [Cookie]
00:20:16:212  INFO 3104 --- [main] o.s.c.g.r.RouteDefinitionRouteLocator    : Loaded RoutePredicateFactory [Header]
00:20:16:212  INFO 3104 --- [main] o.s.c.g.r.RouteDefinitionRouteLocator    : Loaded RoutePredicateFactory [Host]
00:20:16:212  INFO 3104 --- [main] o.s.c.g.r.RouteDefinitionRouteLocator    : Loaded RoutePredicateFactory [Method]
00:20:16:212  INFO 3104 --- [main] o.s.c.g.r.RouteDefinitionRouteLocator    : Loaded RoutePredicateFactory [Path]
00:20:16:212  INFO 3104 --- [main] o.s.c.g.r.RouteDefinitionRouteLocator    : Loaded RoutePredicateFactory [Query]
00:20:16:212  INFO 3104 --- [main] o.s.c.g.r.RouteDefinitionRouteLocator    : Loaded RoutePredicateFactory [ReadBody]
00:20:16:213  INFO 3104 --- [main] o.s.c.g.r.RouteDefinitionRouteLocator    : Loaded RoutePredicateFactory [RemoteAddr]
00:20:16:213  INFO 3104 --- [main] o.s.c.g.r.RouteDefinitionRouteLocator    : Loaded RoutePredicateFactory [XForwardedRemoteAddr]
00:20:16:213  INFO 3104 --- [main] o.s.c.g.r.RouteDefinitionRouteLocator    : Loaded RoutePredicateFactory [Weight]
00:20:16:213  INFO 3104 --- [main] o.s.c.g.r.RouteDefinitionRouteLocator    : Loaded RoutePredicateFactory [CloudFoundryRouteService]
00:20:16:759  INFO 3104 --- [main] com.alibaba.nacos.common.remote.client   : [RpcClientFactory] create a new rpc client of fd8c86f5-f9fd-4cfc-b1ce-702ceb1db14f
00:20:16:759  INFO 3104 --- [main] com.alibaba.nacos.common.remote.client   : [fd8c86f5-f9fd-4cfc-b1ce-702ceb1db14f] RpcClient init label, labels = {module=naming, source=sdk}
00:20:16:760  INFO 3104 --- [main] com.alibaba.nacos.common.remote.client   : [fd8c86f5-f9fd-4cfc-b1ce-702ceb1db14f] RpcClient init, ServerListFactory = com.alibaba.nacos.client.naming.core.ServerListManager
00:20:16:761  INFO 3104 --- [main] com.alibaba.nacos.common.remote.client   : [fd8c86f5-f9fd-4cfc-b1ce-702ceb1db14f] Registry connection listener to current client:com.alibaba.nacos.client.naming.remote.gprc.redo.NamingGrpcRedoService
00:20:16:761  INFO 3104 --- [main] com.alibaba.nacos.common.remote.client   : [fd8c86f5-f9fd-4cfc-b1ce-702ceb1db14f] Register server push request handler:com.alibaba.nacos.client.naming.remote.gprc.NamingPushRequestHandler
00:20:16:761  INFO 3104 --- [main] com.alibaba.nacos.common.remote.client   : [fd8c86f5-f9fd-4cfc-b1ce-702ceb1db14f] Try to connect to server on start up, server: {serverIp = '110.41.61.31', server main port = 8848}
00:20:17:201  INFO 3104 --- [main] com.alibaba.nacos.common.remote.client   : [fd8c86f5-f9fd-4cfc-b1ce-702ceb1db14f] Success to connect to server [110.41.61.31:8848] on start up, connectionId = 1764606016291_120.32.141.64_6143
00:20:17:201  INFO 3104 --- [main] com.alibaba.nacos.common.remote.client   : [fd8c86f5-f9fd-4cfc-b1ce-702ceb1db14f] Register server push request handler:com.alibaba.nacos.common.remote.client.RpcClient$ConnectResetRequestHandler
00:20:17:201  INFO 3104 --- [com.alibaba.nacos.client.remote.worker] com.alibaba.nacos.common.remote.client   : [fd8c86f5-f9fd-4cfc-b1ce-702ceb1db14f] Notify connected event to listeners.
00:20:17:201  INFO 3104 --- [main] com.alibaba.nacos.common.remote.client   : [fd8c86f5-f9fd-4cfc-b1ce-702ceb1db14f] Register server push request handler:com.alibaba.nacos.common.remote.client.RpcClient$$Lambda$468/0x00000008004f0440
00:20:17:487  INFO 3104 --- [main] o.s.b.web.embedded.netty.NettyWebServer  : Netty started on port 8080
00:20:17:870  INFO 3104 --- [nacos-grpc-client-executor-5] com.alibaba.nacos.common.remote.client   : [fd8c86f5-f9fd-4cfc-b1ce-702ceb1db14f] Receive server push request, request = NotifySubscriberRequest, requestId = 39
00:20:17:872  INFO 3104 --- [nacos-grpc-client-executor-5] com.alibaba.nacos.common.remote.client   : [fd8c86f5-f9fd-4cfc-b1ce-702ceb1db14f] Ack server push request, request = NotifySubscriberRequest, requestId = 39
00:20:17:988  INFO 3104 --- [main] c.a.c.n.registry.NacosServiceRegistry    : nacos registry, DEFAULT_GROUP gateway 192.168.212.91:8080 register finished
00:20:18:004  INFO 3104 --- [main] com.hmall.gateway.GatewayApplication     : Started GatewayApplication in 7.329 seconds (JVM running for 8.066)
00:20:18:007  INFO 3104 --- [main] c.a.c.n.refresh.NacosContextRefresher    : [Nacos Config] Listening config: dataId=gateway.yaml, group=DEFAULT_GROUP
00:20:18:007  INFO 3104 --- [main] c.a.c.n.refresh.NacosContextRefresher    : [Nacos Config] Listening config: dataId=gateway, group=DEFAULT_GROUP
00:20:18:007  INFO 3104 --- [main] c.a.c.n.refresh.NacosContextRefresher    : [Nacos Config] Listening config: dataId=gateway-local.yaml, group=DEFAULT_GROUP
00:20:18:581  INFO 3104 --- [nacos-grpc-client-executor-10] com.alibaba.nacos.common.remote.client   : [fd8c86f5-f9fd-4cfc-b1ce-702ceb1db14f] Receive server push request, request = NotifySubscriberRequest, requestId = 40
00:20:18:582  INFO 3104 --- [nacos-grpc-client-executor-10] com.alibaba.nacos.common.remote.client   : [fd8c86f5-f9fd-4cfc-b1ce-702ceb1db14f] Ack server push request, request = NotifySubscriberRequest, requestId = 40
00:20:28:197  INFO 3104 --- [nacos-grpc-client-executor-13] com.alibaba.nacos.common.remote.client   : [fd8c86f5-f9fd-4cfc-b1ce-702ceb1db14f] Receive server push request, request = NotifySubscriberRequest, requestId = 44
00:20:28:197  INFO 3104 --- [nacos-grpc-client-executor-13] com.alibaba.nacos.common.remote.client   : [fd8c86f5-f9fd-4cfc-b1ce-702ceb1db14f] Ack server push request, request = NotifySubscriberRequest, requestId = 44
00:20:34:169  INFO 3104 --- [nacos-grpc-client-executor-16] com.alibaba.nacos.common.remote.client   : [fd8c86f5-f9fd-4cfc-b1ce-702ceb1db14f] Receive server push request, request = NotifySubscriberRequest, requestId = 45
00:20:34:171  INFO 3104 --- [nacos-grpc-client-executor-16] com.alibaba.nacos.common.remote.client   : [fd8c86f5-f9fd-4cfc-b1ce-702ceb1db14f] Ack server push request, request = NotifySubscriberRequest, requestId = 45
00:20:38:872  INFO 3104 --- [nacos-grpc-client-executor-19] com.alibaba.nacos.common.remote.client   : [fd8c86f5-f9fd-4cfc-b1ce-702ceb1db14f] Receive server push request, request = NotifySubscriberRequest, requestId = 46
00:20:38:873  INFO 3104 --- [nacos-grpc-client-executor-19] com.alibaba.nacos.common.remote.client   : [fd8c86f5-f9fd-4cfc-b1ce-702ceb1db14f] Ack server push request, request = NotifySubscriberRequest, requestId = 46
00:21:54:228  WARN 3104 --- [Thread-1] c.a.n.common.http.HttpClientBeanHolder   : [HttpClientBeanHolder] Start destroying common HttpClient
00:21:54:229  WARN 3104 --- [Thread-1] c.a.n.common.http.HttpClientBeanHolder   : [HttpClientBeanHolder] Destruction of the end
00:21:54:229  WARN 3104 --- [Thread-5] c.a.nacos.common.notify.NotifyCenter     : [NotifyCenter] Start destroying Publisher
00:21:54:229  WARN 3104 --- [Thread-5] c.a.nacos.common.notify.NotifyCenter     : [NotifyCenter] Destruction of the end
00:21:54:311  INFO 3104 --- [SpringApplicationShutdownHook] c.a.c.n.registry.NacosServiceRegistry    : De-registering from Nacos Server now...
00:21:54:374  INFO 3104 --- [SpringApplicationShutdownHook] c.a.c.n.registry.NacosServiceRegistry    : De-registration finished.
00:21:54:710  INFO 3104 --- [SpringApplicationShutdownHook] com.alibaba.nacos.common.remote.client   : Shutdown rpc client, set status to shutdown
00:21:54:710  INFO 3104 --- [SpringApplicationShutdownHook] com.alibaba.nacos.common.remote.client   : Shutdown client event executor java.util.concurrent.ScheduledThreadPoolExecutor@535571a1[Running, pool size = 2, active threads = 2, queued tasks = 0, completed tasks = 0]
00:21:54:710  INFO 3104 --- [SpringApplicationShutdownHook] com.alibaba.nacos.common.remote.client   : Close current connection 1764606016291_120.32.141.64_6143
00:21:54:715  INFO 3104 --- [SpringApplicationShutdownHook] c.a.n.c.remote.client.grpc.GrpcClient    : Shutdown grpc executor java.util.concurrent.ThreadPoolExecutor@373dfca0[Running, pool size = 4, active threads = 0, queued tasks = 0, completed tasks = 40]
01:20:15:284  INFO 19036 --- [main] com.hmall.gateway.GatewayApplication     : The following 1 profile is active: "local"
01:20:15:686  INFO 19036 --- [main] o.s.cloud.context.scope.GenericScope     : BeanFactory id=f3992655-5d5d-3628-8942-d79751412408
01:20:15:722  INFO 19036 --- [main] trationDelegate$BeanPostProcessorChecker : Bean 'org.springframework.cloud.client.loadbalancer.reactive.LoadBalancerBeanPostProcessorAutoConfiguration' of type [org.springframework.cloud.client.loadbalancer.reactive.LoadBalancerBeanPostProcessorAutoConfiguration] is not eligible for getting processed by all BeanPostProcessors (for example: not eligible for auto-proxying)
01:20:15:723  INFO 19036 --- [main] trationDelegate$BeanPostProcessorChecker : Bean 'org.springframework.cloud.client.loadbalancer.reactive.LoadBalancerBeanPostProcessorAutoConfiguration$ReactorDeferringLoadBalancerFilterConfig' of type [org.springframework.cloud.client.loadbalancer.reactive.LoadBalancerBeanPostProcessorAutoConfiguration$ReactorDeferringLoadBalancerFilterConfig] is not eligible for getting processed by all BeanPostProcessors (for example: not eligible for auto-proxying)
01:20:15:725  INFO 19036 --- [main] trationDelegate$BeanPostProcessorChecker : Bean 'reactorDeferringLoadBalancerExchangeFilterFunction' of type [org.springframework.cloud.client.loadbalancer.reactive.DeferringLoadBalancerExchangeFilterFunction] is not eligible for getting processed by all BeanPostProcessors (for example: not eligible for auto-proxying)
01:20:16:238 ERROR 19036 --- [main] com.alibaba.nacos.common.remote.client   : Send request fail, request = ConfigQueryRequest{headers={charset=UTF-8, Client-AppName=unknown, Client-RequestToken=bccba2e74ca72066cb9143c7c352e110, Client-RequestTS=1764609616135, exConfigInfo=true, notify=false, Timestamp=1764609616135}, requestId='null'}, retryTimes = 0, errorMessage = Client not connected, current status:STARTING
01:20:16:345 ERROR 19036 --- [main] com.alibaba.nacos.common.remote.client   : Send request fail, request = ConfigQueryRequest{headers={charset=UTF-8, Client-AppName=unknown, Client-RequestToken=bccba2e74ca72066cb9143c7c352e110, Client-RequestTS=1764609616135, exConfigInfo=true, notify=false, Timestamp=1764609616135}, requestId='null'}, retryTimes = 1, errorMessage = Client not connected, current status:STARTING
01:20:16:453 ERROR 19036 --- [main] com.alibaba.nacos.common.remote.client   : Send request fail, request = ConfigQueryRequest{headers={charset=UTF-8, Client-AppName=unknown, Client-RequestToken=bccba2e74ca72066cb9143c7c352e110, Client-RequestTS=1764609616135, exConfigInfo=true, notify=false, Timestamp=1764609616135}, requestId='null'}, retryTimes = 2, errorMessage = Client not connected, current status:STARTING
01:20:16:465 DEBUG 19036 --- [main] c.h.gateway.route.DynamicRouteLoader     : 监听到路由配置变更，[
    {
        "id": "item",
        "predicates": [{
            "name": "Path",
            "args": {"_genkey_0":"/items/**", "_genkey_1":"/search/**"}
        }],
        "filters": [],
        "uri": "lb://item-service"
    },
    {
        "id": "cart",
        "predicates": [{
            "name": "Path",
            "args": {"_genkey_0":"/carts/**"}
        }],
        "filters": [],
        "uri": "lb://cart-service"
    },
    {
        "id": "user",
        "predicates": [{
            "name": "Path",
            "args": {"_genkey_0":"/users/**", "_genkey_1":"/addresses/**"}
        }],
        "filters": [],
        "uri": "lb://user-service"
    },
    {
        "id": "trade",
        "predicates": [{
            "name": "Path",
            "args": {"_genkey_0":"/orders/**"}
        }],
        "filters": [],
        "uri": "lb://trade-service"
    },
    {
        "id": "pay",
        "predicates": [{
            "name": "Path",
            "args": {"_genkey_0":"/pay-orders/**"}
        }],
        "filters": [],
        "uri": "lb://pay-service"
    }
]
01:20:16:493 ERROR 19036 --- [com.alibaba.nacos.client.remote.worker] c.a.n.c.remote.client.grpc.GrpcClient    : Server check fail, please check server 110.41.61.31 ,port 9848 is available , error ={}

java.util.concurrent.ExecutionException: com.alibaba.nacos.shaded.io.grpc.StatusRuntimeException: UNAVAILABLE: io exception
	at com.alibaba.nacos.shaded.com.google.common.util.concurrent.AbstractFuture.getDoneValue(AbstractFuture.java:566) ~[nacos-client-2.0.4.jar:na]
	at com.alibaba.nacos.shaded.com.google.common.util.concurrent.AbstractFuture.get(AbstractFuture.java:445) ~[nacos-client-2.0.4.jar:na]
	at com.alibaba.nacos.common.remote.client.grpc.GrpcClient.serverCheck(GrpcClient.java:148) ~[nacos-client-2.0.4.jar:na]
	at com.alibaba.nacos.common.remote.client.grpc.GrpcClient.connectToServer(GrpcClient.java:264) ~[nacos-client-2.0.4.jar:na]
	at com.alibaba.nacos.common.remote.client.RpcClient.reconnect(RpcClient.java:522) ~[nacos-client-2.0.4.jar:na]
	at com.alibaba.nacos.common.remote.client.RpcClient.lambda$start$2(RpcClient.java:370) ~[nacos-client-2.0.4.jar:na]
	at java.base/java.util.concurrent.Executors$RunnableAdapter.call(Executors.java:515) ~[na:na]
	at java.base/java.util.concurrent.FutureTask.run(FutureTask.java:264) ~[na:na]
	at java.base/java.util.concurrent.ScheduledThreadPoolExecutor$ScheduledFutureTask.run(ScheduledThreadPoolExecutor.java:304) ~[na:na]
	at java.base/java.util.concurrent.ThreadPoolExecutor.runWorker(ThreadPoolExecutor.java:1128) ~[na:na]
	at java.base/java.util.concurrent.ThreadPoolExecutor$Worker.run(ThreadPoolExecutor.java:628) ~[na:na]
	at java.base/java.lang.Thread.run(Thread.java:834) ~[na:na]
Caused by: com.alibaba.nacos.shaded.io.grpc.StatusRuntimeException: UNAVAILABLE: io exception
	at com.alibaba.nacos.shaded.io.grpc.Status.asRuntimeException(Status.java:533) ~[nacos-client-2.0.4.jar:na]
	at com.alibaba.nacos.shaded.io.grpc.stub.ClientCalls$UnaryStreamToFuture.onClose(ClientCalls.java:490) ~[nacos-client-2.0.4.jar:na]
	at com.alibaba.nacos.shaded.io.grpc.PartialForwardingClientCallListener.onClose(PartialForwardingClientCallListener.java:39) ~[nacos-client-2.0.4.jar:na]
	at com.alibaba.nacos.shaded.io.grpc.ForwardingClientCallListener.onClose(ForwardingClientCallListener.java:23) ~[nacos-client-2.0.4.jar:na]
	at com.alibaba.nacos.shaded.io.grpc.ForwardingClientCallListener$SimpleForwardingClientCallListener.onClose(ForwardingClientCallListener.java:40) ~[nacos-client-2.0.4.jar:na]
	at com.alibaba.nacos.shaded.io.grpc.internal.CensusStatsModule$StatsClientInterceptor$1$1.onClose(CensusStatsModule.java:700) ~[nacos-client-2.0.4.jar:na]
	at com.alibaba.nacos.shaded.io.grpc.PartialForwardingClientCallListener.onClose(PartialForwardingClientCallListener.java:39) ~[nacos-client-2.0.4.jar:na]
	at com.alibaba.nacos.shaded.io.grpc.ForwardingClientCallListener.onClose(ForwardingClientCallListener.java:23) ~[nacos-client-2.0.4.jar:na]
	at com.alibaba.nacos.shaded.io.grpc.ForwardingClientCallListener$SimpleForwardingClientCallListener.onClose(ForwardingClientCallListener.java:40) ~[nacos-client-2.0.4.jar:na]
	at com.alibaba.nacos.shaded.io.grpc.internal.CensusTracingModule$TracingClientInterceptor$1$1.onClose(CensusTracingModule.java:399) ~[nacos-client-2.0.4.jar:na]
	at com.alibaba.nacos.shaded.io.grpc.internal.ClientCallImpl.closeObserver(ClientCallImpl.java:510) ~[nacos-client-2.0.4.jar:na]
	at com.alibaba.nacos.shaded.io.grpc.internal.ClientCallImpl.access$300(ClientCallImpl.java:66) ~[nacos-client-2.0.4.jar:na]
	at com.alibaba.nacos.shaded.io.grpc.internal.ClientCallImpl$ClientStreamListenerImpl.close(ClientCallImpl.java:630) ~[nacos-client-2.0.4.jar:na]
	at com.alibaba.nacos.shaded.io.grpc.internal.ClientCallImpl$ClientStreamListenerImpl.access$700(ClientCallImpl.java:518) ~[nacos-client-2.0.4.jar:na]
	at com.alibaba.nacos.shaded.io.grpc.internal.ClientCallImpl$ClientStreamListenerImpl$1StreamClosed.runInternal(ClientCallImpl.java:692) ~[nacos-client-2.0.4.jar:na]
	at com.alibaba.nacos.shaded.io.grpc.internal.ClientCallImpl$ClientStreamListenerImpl$1StreamClosed.runInContext(ClientCallImpl.java:681) ~[nacos-client-2.0.4.jar:na]
	at com.alibaba.nacos.shaded.io.grpc.internal.ContextRunnable.run(ContextRunnable.java:37) ~[nacos-client-2.0.4.jar:na]
	at com.alibaba.nacos.shaded.io.grpc.internal.SerializingExecutor.run(SerializingExecutor.java:123) ~[nacos-client-2.0.4.jar:na]
	... 3 common frames omitted
Caused by: com.alibaba.nacos.shaded.io.grpc.netty.shaded.io.netty.channel.AbstractChannel$AnnotatedConnectException: Connection refused: no further information: /110.41.61.31:9848
Caused by: java.net.ConnectException: Connection refused: no further information
	at java.base/sun.nio.ch.SocketChannelImpl.checkConnect(Native Method) ~[na:na]
	at java.base/sun.nio.ch.SocketChannelImpl.finishConnect(SocketChannelImpl.java:779) ~[na:na]
	at com.alibaba.nacos.shaded.io.grpc.netty.shaded.io.netty.channel.socket.nio.NioSocketChannel.doFinishConnect(NioSocketChannel.java:327) ~[nacos-client-2.0.4.jar:na]
	at com.alibaba.nacos.shaded.io.grpc.netty.shaded.io.netty.channel.nio.AbstractNioChannel$AbstractNioUnsafe.finishConnect(AbstractNioChannel.java:336) ~[nacos-client-2.0.4.jar:na]
	at com.alibaba.nacos.shaded.io.grpc.netty.shaded.io.netty.channel.nio.NioEventLoop.processSelectedKey(NioEventLoop.java:685) ~[nacos-client-2.0.4.jar:na]
	at com.alibaba.nacos.shaded.io.grpc.netty.shaded.io.netty.channel.nio.NioEventLoop.processSelectedKeysOptimized(NioEventLoop.java:632) ~[nacos-client-2.0.4.jar:na]
	at com.alibaba.nacos.shaded.io.grpc.netty.shaded.io.netty.channel.nio.NioEventLoop.processSelectedKeys(NioEventLoop.java:549) ~[nacos-client-2.0.4.jar:na]
	at com.alibaba.nacos.shaded.io.grpc.netty.shaded.io.netty.channel.nio.NioEventLoop.run(NioEventLoop.java:511) ~[nacos-client-2.0.4.jar:na]
	at com.alibaba.nacos.shaded.io.grpc.netty.shaded.io.netty.util.concurrent.SingleThreadEventExecutor$5.run(SingleThreadEventExecutor.java:918) ~[nacos-client-2.0.4.jar:na]
	at com.alibaba.nacos.shaded.io.grpc.netty.shaded.io.netty.util.internal.ThreadExecutorMap$2.run(ThreadExecutorMap.java:74) ~[nacos-client-2.0.4.jar:na]
	at com.alibaba.nacos.shaded.io.grpc.netty.shaded.io.netty.util.concurrent.FastThreadLocalRunnable.run(FastThreadLocalRunnable.java:30) ~[nacos-client-2.0.4.jar:na]
	at java.base/java.lang.Thread.run(Thread.java:834) ~[na:na]

01:20:16:579 ERROR 19036 --- [com.alibaba.nacos.client.Worker] com.alibaba.nacos.common.remote.client   : Send request fail, request = ConfigBatchListenRequest{headers={charset=UTF-8, Client-AppName=unknown, Client-RequestToken=874782fc3485cde8e176ba6859a69f6b, Client-RequestTS=1764609616466, exConfigInfo=true, Timestamp=1764609616466}, requestId='null'}, retryTimes = 0, errorMessage = Client not connected, current status:STARTING
01:20:16:689 ERROR 19036 --- [com.alibaba.nacos.client.Worker] com.alibaba.nacos.common.remote.client   : Send request fail, request = ConfigBatchListenRequest{headers={charset=UTF-8, Client-AppName=unknown, Client-RequestToken=874782fc3485cde8e176ba6859a69f6b, Client-RequestTS=1764609616466, exConfigInfo=true, Timestamp=1764609616466}, requestId='null'}, retryTimes = 1, errorMessage = Client not connected, current status:STARTING
01:20:16:797 ERROR 19036 --- [com.alibaba.nacos.client.Worker] com.alibaba.nacos.common.remote.client   : Send request fail, request = ConfigBatchListenRequest{headers={charset=UTF-8, Client-AppName=unknown, Client-RequestToken=874782fc3485cde8e176ba6859a69f6b, Client-RequestTS=1764609616466, exConfigInfo=true, Timestamp=1764609616466}, requestId='null'}, retryTimes = 2, errorMessage = Client not connected, current status:STARTING
01:20:17:122  INFO 19036 --- [main] o.s.c.g.r.RouteDefinitionRouteLocator    : Loaded RoutePredicateFactory [After]
01:20:17:123  INFO 19036 --- [main] o.s.c.g.r.RouteDefinitionRouteLocator    : Loaded RoutePredicateFactory [Before]
01:20:17:123  INFO 19036 --- [main] o.s.c.g.r.RouteDefinitionRouteLocator    : Loaded RoutePredicateFactory [Between]
01:20:17:123  INFO 19036 --- [main] o.s.c.g.r.RouteDefinitionRouteLocator    : Loaded RoutePredicateFactory [Cookie]
01:20:17:123  INFO 19036 --- [main] o.s.c.g.r.RouteDefinitionRouteLocator    : Loaded RoutePredicateFactory [Header]
01:20:17:123  INFO 19036 --- [main] o.s.c.g.r.RouteDefinitionRouteLocator    : Loaded RoutePredicateFactory [Host]
01:20:17:123  INFO 19036 --- [main] o.s.c.g.r.RouteDefinitionRouteLocator    : Loaded RoutePredicateFactory [Method]
01:20:17:123  INFO 19036 --- [main] o.s.c.g.r.RouteDefinitionRouteLocator    : Loaded RoutePredicateFactory [Path]
01:20:17:123  INFO 19036 --- [main] o.s.c.g.r.RouteDefinitionRouteLocator    : Loaded RoutePredicateFactory [Query]
01:20:17:123  INFO 19036 --- [main] o.s.c.g.r.RouteDefinitionRouteLocator    : Loaded RoutePredicateFactory [ReadBody]
01:20:17:123  INFO 19036 --- [main] o.s.c.g.r.RouteDefinitionRouteLocator    : Loaded RoutePredicateFactory [RemoteAddr]
01:20:17:123  INFO 19036 --- [main] o.s.c.g.r.RouteDefinitionRouteLocator    : Loaded RoutePredicateFactory [XForwardedRemoteAddr]
01:20:17:123  INFO 19036 --- [main] o.s.c.g.r.RouteDefinitionRouteLocator    : Loaded RoutePredicateFactory [Weight]
01:20:17:123  INFO 19036 --- [main] o.s.c.g.r.RouteDefinitionRouteLocator    : Loaded RoutePredicateFactory [CloudFoundryRouteService]
01:20:17:516  INFO 19036 --- [main] com.alibaba.nacos.common.remote.client   : [RpcClientFactory] create a new rpc client of 5318e13d-8188-4b12-bcff-3805e7a19004
01:20:17:516  INFO 19036 --- [main] com.alibaba.nacos.common.remote.client   : [5318e13d-8188-4b12-bcff-3805e7a19004] RpcClient init label, labels = {module=naming, source=sdk}
01:20:17:518  INFO 19036 --- [main] com.alibaba.nacos.common.remote.client   : [5318e13d-8188-4b12-bcff-3805e7a19004] RpcClient init, ServerListFactory = com.alibaba.nacos.client.naming.core.ServerListManager
01:20:17:518  INFO 19036 --- [main] com.alibaba.nacos.common.remote.client   : [5318e13d-8188-4b12-bcff-3805e7a19004] Registry connection listener to current client:com.alibaba.nacos.client.naming.remote.gprc.redo.NamingGrpcRedoService
01:20:17:518  INFO 19036 --- [main] com.alibaba.nacos.common.remote.client   : [5318e13d-8188-4b12-bcff-3805e7a19004] Register server push request handler:com.alibaba.nacos.client.naming.remote.gprc.NamingPushRequestHandler
01:20:17:518  INFO 19036 --- [main] com.alibaba.nacos.common.remote.client   : [5318e13d-8188-4b12-bcff-3805e7a19004] Try to connect to server on start up, server: {serverIp = '110.41.61.31', server main port = 8848}
01:20:18:881 ERROR 19036 --- [com.alibaba.nacos.client.remote.worker] c.a.n.c.remote.client.grpc.GrpcClient    : Server check fail, please check server 110.41.61.31 ,port 9848 is available , error ={}

java.util.concurrent.ExecutionException: com.alibaba.nacos.shaded.io.grpc.StatusRuntimeException: UNAVAILABLE: io exception
	at com.alibaba.nacos.shaded.com.google.common.util.concurrent.AbstractFuture.getDoneValue(AbstractFuture.java:566) ~[nacos-client-2.0.4.jar:na]
	at com.alibaba.nacos.shaded.com.google.common.util.concurrent.AbstractFuture.get(AbstractFuture.java:445) ~[nacos-client-2.0.4.jar:na]
	at com.alibaba.nacos.common.remote.client.grpc.GrpcClient.serverCheck(GrpcClient.java:148) ~[nacos-client-2.0.4.jar:na]
	at com.alibaba.nacos.common.remote.client.grpc.GrpcClient.connectToServer(GrpcClient.java:264) ~[nacos-client-2.0.4.jar:na]
	at com.alibaba.nacos.common.remote.client.RpcClient.reconnect(RpcClient.java:522) ~[nacos-client-2.0.4.jar:na]
	at com.alibaba.nacos.common.remote.client.RpcClient.lambda$start$2(RpcClient.java:370) ~[nacos-client-2.0.4.jar:na]
	at java.base/java.util.concurrent.Executors$RunnableAdapter.call(Executors.java:515) ~[na:na]
	at java.base/java.util.concurrent.FutureTask.run(FutureTask.java:264) ~[na:na]
	at java.base/java.util.concurrent.ScheduledThreadPoolExecutor$ScheduledFutureTask.run(ScheduledThreadPoolExecutor.java:304) ~[na:na]
	at java.base/java.util.concurrent.ThreadPoolExecutor.runWorker(ThreadPoolExecutor.java:1128) ~[na:na]
	at java.base/java.util.concurrent.ThreadPoolExecutor$Worker.run(ThreadPoolExecutor.java:628) ~[na:na]
	at java.base/java.lang.Thread.run(Thread.java:834) ~[na:na]
Caused by: com.alibaba.nacos.shaded.io.grpc.StatusRuntimeException: UNAVAILABLE: io exception
	at com.alibaba.nacos.shaded.io.grpc.Status.asRuntimeException(Status.java:533) ~[nacos-client-2.0.4.jar:na]
	at com.alibaba.nacos.shaded.io.grpc.stub.ClientCalls$UnaryStreamToFuture.onClose(ClientCalls.java:490) ~[nacos-client-2.0.4.jar:na]
	at com.alibaba.nacos.shaded.io.grpc.PartialForwardingClientCallListener.onClose(PartialForwardingClientCallListener.java:39) ~[nacos-client-2.0.4.jar:na]
	at com.alibaba.nacos.shaded.io.grpc.ForwardingClientCallListener.onClose(ForwardingClientCallListener.java:23) ~[nacos-client-2.0.4.jar:na]
	at com.alibaba.nacos.shaded.io.grpc.ForwardingClientCallListener$SimpleForwardingClientCallListener.onClose(ForwardingClientCallListener.java:40) ~[nacos-client-2.0.4.jar:na]
	at com.alibaba.nacos.shaded.io.grpc.internal.CensusStatsModule$StatsClientInterceptor$1$1.onClose(CensusStatsModule.java:700) ~[nacos-client-2.0.4.jar:na]
	at com.alibaba.nacos.shaded.io.grpc.PartialForwardingClientCallListener.onClose(PartialForwardingClientCallListener.java:39) ~[nacos-client-2.0.4.jar:na]
	at com.alibaba.nacos.shaded.io.grpc.ForwardingClientCallListener.onClose(ForwardingClientCallListener.java:23) ~[nacos-client-2.0.4.jar:na]
	at com.alibaba.nacos.shaded.io.grpc.ForwardingClientCallListener$SimpleForwardingClientCallListener.onClose(ForwardingClientCallListener.java:40) ~[nacos-client-2.0.4.jar:na]
	at com.alibaba.nacos.shaded.io.grpc.internal.CensusTracingModule$TracingClientInterceptor$1$1.onClose(CensusTracingModule.java:399) ~[nacos-client-2.0.4.jar:na]
	at com.alibaba.nacos.shaded.io.grpc.internal.ClientCallImpl.closeObserver(ClientCallImpl.java:510) ~[nacos-client-2.0.4.jar:na]
	at com.alibaba.nacos.shaded.io.grpc.internal.ClientCallImpl.access$300(ClientCallImpl.java:66) ~[nacos-client-2.0.4.jar:na]
	at com.alibaba.nacos.shaded.io.grpc.internal.ClientCallImpl$ClientStreamListenerImpl.close(ClientCallImpl.java:630) ~[nacos-client-2.0.4.jar:na]
	at com.alibaba.nacos.shaded.io.grpc.internal.ClientCallImpl$ClientStreamListenerImpl.access$700(ClientCallImpl.java:518) ~[nacos-client-2.0.4.jar:na]
	at com.alibaba.nacos.shaded.io.grpc.internal.ClientCallImpl$ClientStreamListenerImpl$1StreamClosed.runInternal(ClientCallImpl.java:692) ~[nacos-client-2.0.4.jar:na]
	at com.alibaba.nacos.shaded.io.grpc.internal.ClientCallImpl$ClientStreamListenerImpl$1StreamClosed.runInContext(ClientCallImpl.java:681) ~[nacos-client-2.0.4.jar:na]
	at com.alibaba.nacos.shaded.io.grpc.internal.ContextRunnable.run(ContextRunnable.java:37) ~[nacos-client-2.0.4.jar:na]
	at com.alibaba.nacos.shaded.io.grpc.internal.SerializingExecutor.run(SerializingExecutor.java:123) ~[nacos-client-2.0.4.jar:na]
	... 3 common frames omitted
Caused by: com.alibaba.nacos.shaded.io.grpc.netty.shaded.io.netty.channel.AbstractChannel$AnnotatedConnectException: Connection refused: no further information: /110.41.61.31:9848
Caused by: java.net.ConnectException: Connection refused: no further information
	at java.base/sun.nio.ch.SocketChannelImpl.checkConnect(Native Method) ~[na:na]
	at java.base/sun.nio.ch.SocketChannelImpl.finishConnect(SocketChannelImpl.java:779) ~[na:na]
	at com.alibaba.nacos.shaded.io.grpc.netty.shaded.io.netty.channel.socket.nio.NioSocketChannel.doFinishConnect(NioSocketChannel.java:327) ~[nacos-client-2.0.4.jar:na]
	at com.alibaba.nacos.shaded.io.grpc.netty.shaded.io.netty.channel.nio.AbstractNioChannel$AbstractNioUnsafe.finishConnect(AbstractNioChannel.java:336) ~[nacos-client-2.0.4.jar:na]
	at com.alibaba.nacos.shaded.io.grpc.netty.shaded.io.netty.channel.nio.NioEventLoop.processSelectedKey(NioEventLoop.java:685) ~[nacos-client-2.0.4.jar:na]
	at com.alibaba.nacos.shaded.io.grpc.netty.shaded.io.netty.channel.nio.NioEventLoop.processSelectedKeysOptimized(NioEventLoop.java:632) ~[nacos-client-2.0.4.jar:na]
	at com.alibaba.nacos.shaded.io.grpc.netty.shaded.io.netty.channel.nio.NioEventLoop.processSelectedKeys(NioEventLoop.java:549) ~[nacos-client-2.0.4.jar:na]
	at com.alibaba.nacos.shaded.io.grpc.netty.shaded.io.netty.channel.nio.NioEventLoop.run(NioEventLoop.java:511) ~[nacos-client-2.0.4.jar:na]
	at com.alibaba.nacos.shaded.io.grpc.netty.shaded.io.netty.util.concurrent.SingleThreadEventExecutor$5.run(SingleThreadEventExecutor.java:918) ~[nacos-client-2.0.4.jar:na]
	at com.alibaba.nacos.shaded.io.grpc.netty.shaded.io.netty.util.internal.ThreadExecutorMap$2.run(ThreadExecutorMap.java:74) ~[nacos-client-2.0.4.jar:na]
	at com.alibaba.nacos.shaded.io.grpc.netty.shaded.io.netty.util.concurrent.FastThreadLocalRunnable.run(FastThreadLocalRunnable.java:30) ~[nacos-client-2.0.4.jar:na]
	at java.base/java.lang.Thread.run(Thread.java:834) ~[na:na]

01:20:18:881  INFO 19036 --- [com.alibaba.nacos.client.remote.worker] com.alibaba.nacos.common.remote.client   : [b816233e-8d21-4aad-ad8d-6f567dca7f1d_config-0] Fail to connect server, after trying 1 times, last try server is {serverIp = '110.41.61.31', server main port = 8848}, error = unknown
01:20:19:873 ERROR 19036 --- [main] c.a.n.c.remote.client.grpc.GrpcClient    : Server check fail, please check server 110.41.61.31 ,port 9848 is available , error ={}

java.util.concurrent.ExecutionException: com.alibaba.nacos.shaded.io.grpc.StatusRuntimeException: UNAVAILABLE: io exception
	at com.alibaba.nacos.shaded.com.google.common.util.concurrent.AbstractFuture.getDoneValue(AbstractFuture.java:566) ~[nacos-client-2.0.4.jar:na]
	at com.alibaba.nacos.shaded.com.google.common.util.concurrent.AbstractFuture.get(AbstractFuture.java:445) ~[nacos-client-2.0.4.jar:na]
	at com.alibaba.nacos.common.remote.client.grpc.GrpcClient.serverCheck(GrpcClient.java:148) ~[nacos-client-2.0.4.jar:na]
	at com.alibaba.nacos.common.remote.client.grpc.GrpcClient.connectToServer(GrpcClient.java:264) ~[nacos-client-2.0.4.jar:na]
	at com.alibaba.nacos.common.remote.client.RpcClient.start(RpcClient.java:390) ~[nacos-client-2.0.4.jar:na]
	at com.alibaba.nacos.client.naming.remote.gprc.NamingGrpcClientProxy.start(NamingGrpcClientProxy.java:96) ~[nacos-client-2.0.4.jar:na]
	at com.alibaba.nacos.client.naming.remote.gprc.NamingGrpcClientProxy.<init>(NamingGrpcClientProxy.java:89) ~[nacos-client-2.0.4.jar:na]
	at com.alibaba.nacos.client.naming.remote.NamingClientProxyDelegate.<init>(NamingClientProxyDelegate.java:76) ~[nacos-client-2.0.4.jar:na]
	at com.alibaba.nacos.client.naming.NacosNamingService.init(NacosNamingService.java:95) ~[nacos-client-2.0.4.jar:na]
	at com.alibaba.nacos.client.naming.NacosNamingService.<init>(NacosNamingService.java:81) ~[nacos-client-2.0.4.jar:na]
	at java.base/jdk.internal.reflect.NativeConstructorAccessorImpl.newInstance0(Native Method) ~[na:na]
	at java.base/jdk.internal.reflect.NativeConstructorAccessorImpl.newInstance(NativeConstructorAccessorImpl.java:62) ~[na:na]
	at java.base/jdk.internal.reflect.DelegatingConstructorAccessorImpl.newInstance(DelegatingConstructorAccessorImpl.java:45) ~[na:na]
	at java.base/java.lang.reflect.Constructor.newInstance(Constructor.java:490) ~[na:na]
	at com.alibaba.nacos.api.naming.NamingFactory.createNamingService(NamingFactory.java:59) ~[nacos-client-2.0.4.jar:na]
	at com.alibaba.nacos.api.NacosFactory.createNamingService(NacosFactory.java:77) ~[nacos-client-2.0.4.jar:na]
	at com.alibaba.cloud.nacos.NacosServiceManager.createNewNamingService(NacosServiceManager.java:99) ~[spring-cloud-starter-alibaba-nacos-discovery-2021.0.4.0.jar:2021.0.4.0]
	at com.alibaba.cloud.nacos.NacosServiceManager.buildNamingService(NacosServiceManager.java:90) ~[spring-cloud-starter-alibaba-nacos-discovery-2021.0.4.0.jar:2021.0.4.0]
	at com.alibaba.cloud.nacos.NacosServiceManager.getNamingService(NacosServiceManager.java:46) ~[spring-cloud-starter-alibaba-nacos-discovery-2021.0.4.0.jar:2021.0.4.0]
	at com.alibaba.cloud.nacos.discovery.NacosWatch.start(NacosWatch.java:130) ~[spring-cloud-starter-alibaba-nacos-discovery-2021.0.4.0.jar:2021.0.4.0]
	at org.springframework.context.support.DefaultLifecycleProcessor.doStart(DefaultLifecycleProcessor.java:178) ~[spring-context-5.3.27.jar:5.3.27]
	at org.springframework.context.support.DefaultLifecycleProcessor.access$200(DefaultLifecycleProcessor.java:54) ~[spring-context-5.3.27.jar:5.3.27]
	at org.springframework.context.support.DefaultLifecycleProcessor$LifecycleGroup.start(DefaultLifecycleProcessor.java:356) ~[spring-context-5.3.27.jar:5.3.27]
	at java.base/java.lang.Iterable.forEach(Iterable.java:75) ~[na:na]
	at org.springframework.context.support.DefaultLifecycleProcessor.startBeans(DefaultLifecycleProcessor.java:155) ~[spring-context-5.3.27.jar:5.3.27]
	at org.springframework.context.support.DefaultLifecycleProcessor.onRefresh(DefaultLifecycleProcessor.java:123) ~[spring-context-5.3.27.jar:5.3.27]
	at org.springframework.context.support.AbstractApplicationContext.finishRefresh(AbstractApplicationContext.java:937) ~[spring-context-5.3.27.jar:5.3.27]
	at org.springframework.context.support.AbstractApplicationContext.refresh(AbstractApplicationContext.java:586) ~[spring-context-5.3.27.jar:5.3.27]
	at org.springframework.boot.web.reactive.context.ReactiveWebServerApplicationContext.refresh(ReactiveWebServerApplicationContext.java:66) ~[spring-boot-2.7.12.jar:2.7.12]
	at org.springframework.boot.SpringApplication.refresh(SpringApplication.java:731) ~[spring-boot-2.7.12.jar:2.7.12]
	at org.springframework.boot.SpringApplication.refreshContext(SpringApplication.java:408) ~[spring-boot-2.7.12.jar:2.7.12]
	at org.springframework.boot.SpringApplication.run(SpringApplication.java:307) ~[spring-boot-2.7.12.jar:2.7.12]
	at org.springframework.boot.SpringApplication.run(SpringApplication.java:1303) ~[spring-boot-2.7.12.jar:2.7.12]
	at org.springframework.boot.SpringApplication.run(SpringApplication.java:1292) ~[spring-boot-2.7.12.jar:2.7.12]
	at com.hmall.gateway.GatewayApplication.main(GatewayApplication.java:9) ~[classes/:na]
Caused by: com.alibaba.nacos.shaded.io.grpc.StatusRuntimeException: UNAVAILABLE: io exception
	at com.alibaba.nacos.shaded.io.grpc.Status.asRuntimeException(Status.java:533) ~[nacos-client-2.0.4.jar:na]
	at com.alibaba.nacos.shaded.io.grpc.stub.ClientCalls$UnaryStreamToFuture.onClose(ClientCalls.java:490) ~[nacos-client-2.0.4.jar:na]
	at com.alibaba.nacos.shaded.io.grpc.PartialForwardingClientCallListener.onClose(PartialForwardingClientCallListener.java:39) ~[nacos-client-2.0.4.jar:na]
	at com.alibaba.nacos.shaded.io.grpc.ForwardingClientCallListener.onClose(ForwardingClientCallListener.java:23) ~[nacos-client-2.0.4.jar:na]
	at com.alibaba.nacos.shaded.io.grpc.ForwardingClientCallListener$SimpleForwardingClientCallListener.onClose(ForwardingClientCallListener.java:40) ~[nacos-client-2.0.4.jar:na]
	at com.alibaba.nacos.shaded.io.grpc.internal.CensusStatsModule$StatsClientInterceptor$1$1.onClose(CensusStatsModule.java:700) ~[nacos-client-2.0.4.jar:na]
	at com.alibaba.nacos.shaded.io.grpc.PartialForwardingClientCallListener.onClose(PartialForwardingClientCallListener.java:39) ~[nacos-client-2.0.4.jar:na]
	at com.alibaba.nacos.shaded.io.grpc.ForwardingClientCallListener.onClose(ForwardingClientCallListener.java:23) ~[nacos-client-2.0.4.jar:na]
	at com.alibaba.nacos.shaded.io.grpc.ForwardingClientCallListener$SimpleForwardingClientCallListener.onClose(ForwardingClientCallListener.java:40) ~[nacos-client-2.0.4.jar:na]
	at com.alibaba.nacos.shaded.io.grpc.internal.CensusTracingModule$TracingClientInterceptor$1$1.onClose(CensusTracingModule.java:399) ~[nacos-client-2.0.4.jar:na]
	at com.alibaba.nacos.shaded.io.grpc.internal.ClientCallImpl.closeObserver(ClientCallImpl.java:510) ~[nacos-client-2.0.4.jar:na]
	at com.alibaba.nacos.shaded.io.grpc.internal.ClientCallImpl.access$300(ClientCallImpl.java:66) ~[nacos-client-2.0.4.jar:na]
	at com.alibaba.nacos.shaded.io.grpc.internal.ClientCallImpl$ClientStreamListenerImpl.close(ClientCallImpl.java:630) ~[nacos-client-2.0.4.jar:na]
	at com.alibaba.nacos.shaded.io.grpc.internal.ClientCallImpl$ClientStreamListenerImpl.access$700(ClientCallImpl.java:518) ~[nacos-client-2.0.4.jar:na]
	at com.alibaba.nacos.shaded.io.grpc.internal.ClientCallImpl$ClientStreamListenerImpl$1StreamClosed.runInternal(ClientCallImpl.java:692) ~[nacos-client-2.0.4.jar:na]
	at com.alibaba.nacos.shaded.io.grpc.internal.ClientCallImpl$ClientStreamListenerImpl$1StreamClosed.runInContext(ClientCallImpl.java:681) ~[nacos-client-2.0.4.jar:na]
	at com.alibaba.nacos.shaded.io.grpc.internal.ContextRunnable.run(ContextRunnable.java:37) ~[nacos-client-2.0.4.jar:na]
	at com.alibaba.nacos.shaded.io.grpc.internal.SerializingExecutor.run(SerializingExecutor.java:123) ~[nacos-client-2.0.4.jar:na]
	at java.base/java.util.concurrent.ThreadPoolExecutor.runWorker(ThreadPoolExecutor.java:1128) ~[na:na]
	at java.base/java.util.concurrent.ThreadPoolExecutor$Worker.run(ThreadPoolExecutor.java:628) ~[na:na]
	at java.base/java.lang.Thread.run(Thread.java:834) ~[na:na]
Caused by: com.alibaba.nacos.shaded.io.grpc.netty.shaded.io.netty.channel.AbstractChannel$AnnotatedConnectException: Connection refused: no further information: /110.41.61.31:9848
Caused by: java.net.ConnectException: Connection refused: no further information
	at java.base/sun.nio.ch.SocketChannelImpl.checkConnect(Native Method) ~[na:na]
	at java.base/sun.nio.ch.SocketChannelImpl.finishConnect(SocketChannelImpl.java:779) ~[na:na]
	at com.alibaba.nacos.shaded.io.grpc.netty.shaded.io.netty.channel.socket.nio.NioSocketChannel.doFinishConnect(NioSocketChannel.java:327) ~[nacos-client-2.0.4.jar:na]
	at com.alibaba.nacos.shaded.io.grpc.netty.shaded.io.netty.channel.nio.AbstractNioChannel$AbstractNioUnsafe.finishConnect(AbstractNioChannel.java:336) ~[nacos-client-2.0.4.jar:na]
	at com.alibaba.nacos.shaded.io.grpc.netty.shaded.io.netty.channel.nio.NioEventLoop.processSelectedKey(NioEventLoop.java:685) ~[nacos-client-2.0.4.jar:na]
	at com.alibaba.nacos.shaded.io.grpc.netty.shaded.io.netty.channel.nio.NioEventLoop.processSelectedKeysOptimized(NioEventLoop.java:632) ~[nacos-client-2.0.4.jar:na]
	at com.alibaba.nacos.shaded.io.grpc.netty.shaded.io.netty.channel.nio.NioEventLoop.processSelectedKeys(NioEventLoop.java:549) ~[nacos-client-2.0.4.jar:na]
	at com.alibaba.nacos.shaded.io.grpc.netty.shaded.io.netty.channel.nio.NioEventLoop.run(NioEventLoop.java:511) ~[nacos-client-2.0.4.jar:na]
	at com.alibaba.nacos.shaded.io.grpc.netty.shaded.io.netty.util.concurrent.SingleThreadEventExecutor$5.run(SingleThreadEventExecutor.java:918) ~[nacos-client-2.0.4.jar:na]
	at com.alibaba.nacos.shaded.io.grpc.netty.shaded.io.netty.util.internal.ThreadExecutorMap$2.run(ThreadExecutorMap.java:74) ~[nacos-client-2.0.4.jar:na]
	at com.alibaba.nacos.shaded.io.grpc.netty.shaded.io.netty.util.concurrent.FastThreadLocalRunnable.run(FastThreadLocalRunnable.java:30) ~[nacos-client-2.0.4.jar:na]
	at java.base/java.lang.Thread.run(Thread.java:834) ~[na:na]

01:20:19:873  INFO 19036 --- [main] com.alibaba.nacos.common.remote.client   : [5318e13d-8188-4b12-bcff-3805e7a19004] Try to connect to server on start up, server: {serverIp = '110.41.61.31', server main port = 8848}
01:20:21:348 ERROR 19036 --- [com.alibaba.nacos.client.remote.worker] c.a.n.c.remote.client.grpc.GrpcClient    : Server check fail, please check server 110.41.61.31 ,port 9848 is available , error ={}

java.util.concurrent.ExecutionException: com.alibaba.nacos.shaded.io.grpc.StatusRuntimeException: UNAVAILABLE: io exception
	at com.alibaba.nacos.shaded.com.google.common.util.concurrent.AbstractFuture.getDoneValue(AbstractFuture.java:566) ~[nacos-client-2.0.4.jar:na]
	at com.alibaba.nacos.shaded.com.google.common.util.concurrent.AbstractFuture.get(AbstractFuture.java:445) ~[nacos-client-2.0.4.jar:na]
	at com.alibaba.nacos.common.remote.client.grpc.GrpcClient.serverCheck(GrpcClient.java:148) ~[nacos-client-2.0.4.jar:na]
	at com.alibaba.nacos.common.remote.client.grpc.GrpcClient.connectToServer(GrpcClient.java:264) ~[nacos-client-2.0.4.jar:na]
	at com.alibaba.nacos.common.remote.client.RpcClient.reconnect(RpcClient.java:522) ~[nacos-client-2.0.4.jar:na]
	at com.alibaba.nacos.common.remote.client.RpcClient.lambda$start$2(RpcClient.java:370) ~[nacos-client-2.0.4.jar:na]
	at java.base/java.util.concurrent.Executors$RunnableAdapter.call(Executors.java:515) ~[na:na]
	at java.base/java.util.concurrent.FutureTask.run(FutureTask.java:264) ~[na:na]
	at java.base/java.util.concurrent.ScheduledThreadPoolExecutor$ScheduledFutureTask.run(ScheduledThreadPoolExecutor.java:304) ~[na:na]
	at java.base/java.util.concurrent.ThreadPoolExecutor.runWorker(ThreadPoolExecutor.java:1128) ~[na:na]
	at java.base/java.util.concurrent.ThreadPoolExecutor$Worker.run(ThreadPoolExecutor.java:628) ~[na:na]
	at java.base/java.lang.Thread.run(Thread.java:834) ~[na:na]
Caused by: com.alibaba.nacos.shaded.io.grpc.StatusRuntimeException: UNAVAILABLE: io exception
	at com.alibaba.nacos.shaded.io.grpc.Status.asRuntimeException(Status.java:533) ~[nacos-client-2.0.4.jar:na]
	at com.alibaba.nacos.shaded.io.grpc.stub.ClientCalls$UnaryStreamToFuture.onClose(ClientCalls.java:490) ~[nacos-client-2.0.4.jar:na]
	at com.alibaba.nacos.shaded.io.grpc.PartialForwardingClientCallListener.onClose(PartialForwardingClientCallListener.java:39) ~[nacos-client-2.0.4.jar:na]
	at com.alibaba.nacos.shaded.io.grpc.ForwardingClientCallListener.onClose(ForwardingClientCallListener.java:23) ~[nacos-client-2.0.4.jar:na]
	at com.alibaba.nacos.shaded.io.grpc.ForwardingClientCallListener$SimpleForwardingClientCallListener.onClose(ForwardingClientCallListener.java:40) ~[nacos-client-2.0.4.jar:na]
	at com.alibaba.nacos.shaded.io.grpc.internal.CensusStatsModule$StatsClientInterceptor$1$1.onClose(CensusStatsModule.java:700) ~[nacos-client-2.0.4.jar:na]
	at com.alibaba.nacos.shaded.io.grpc.PartialForwardingClientCallListener.onClose(PartialForwardingClientCallListener.java:39) ~[nacos-client-2.0.4.jar:na]
	at com.alibaba.nacos.shaded.io.grpc.ForwardingClientCallListener.onClose(ForwardingClientCallListener.java:23) ~[nacos-client-2.0.4.jar:na]
	at com.alibaba.nacos.shaded.io.grpc.ForwardingClientCallListener$SimpleForwardingClientCallListener.onClose(ForwardingClientCallListener.java:40) ~[nacos-client-2.0.4.jar:na]
	at com.alibaba.nacos.shaded.io.grpc.internal.CensusTracingModule$TracingClientInterceptor$1$1.onClose(CensusTracingModule.java:399) ~[nacos-client-2.0.4.jar:na]
	at com.alibaba.nacos.shaded.io.grpc.internal.ClientCallImpl.closeObserver(ClientCallImpl.java:510) ~[nacos-client-2.0.4.jar:na]
	at com.alibaba.nacos.shaded.io.grpc.internal.ClientCallImpl.access$300(ClientCallImpl.java:66) ~[nacos-client-2.0.4.jar:na]
	at com.alibaba.nacos.shaded.io.grpc.internal.ClientCallImpl$ClientStreamListenerImpl.close(ClientCallImpl.java:630) ~[nacos-client-2.0.4.jar:na]
	at com.alibaba.nacos.shaded.io.grpc.internal.ClientCallImpl$ClientStreamListenerImpl.access$700(ClientCallImpl.java:518) ~[nacos-client-2.0.4.jar:na]
	at com.alibaba.nacos.shaded.io.grpc.internal.ClientCallImpl$ClientStreamListenerImpl$1StreamClosed.runInternal(ClientCallImpl.java:692) ~[nacos-client-2.0.4.jar:na]
	at com.alibaba.nacos.shaded.io.grpc.internal.ClientCallImpl$ClientStreamListenerImpl$1StreamClosed.runInContext(ClientCallImpl.java:681) ~[nacos-client-2.0.4.jar:na]
	at com.alibaba.nacos.shaded.io.grpc.internal.ContextRunnable.run(ContextRunnable.java:37) ~[nacos-client-2.0.4.jar:na]
	at com.alibaba.nacos.shaded.io.grpc.internal.SerializingExecutor.run(SerializingExecutor.java:123) ~[nacos-client-2.0.4.jar:na]
	... 3 common frames omitted
Caused by: com.alibaba.nacos.shaded.io.grpc.netty.shaded.io.netty.channel.AbstractChannel$AnnotatedConnectException: Connection refused: no further information: /110.41.61.31:9848
Caused by: java.net.ConnectException: Connection refused: no further information
	at java.base/sun.nio.ch.SocketChannelImpl.checkConnect(Native Method) ~[na:na]
	at java.base/sun.nio.ch.SocketChannelImpl.finishConnect(SocketChannelImpl.java:779) ~[na:na]
	at com.alibaba.nacos.shaded.io.grpc.netty.shaded.io.netty.channel.socket.nio.NioSocketChannel.doFinishConnect(NioSocketChannel.java:327) ~[nacos-client-2.0.4.jar:na]
	at com.alibaba.nacos.shaded.io.grpc.netty.shaded.io.netty.channel.nio.AbstractNioChannel$AbstractNioUnsafe.finishConnect(AbstractNioChannel.java:336) ~[nacos-client-2.0.4.jar:na]
	at com.alibaba.nacos.shaded.io.grpc.netty.shaded.io.netty.channel.nio.NioEventLoop.processSelectedKey(NioEventLoop.java:685) ~[nacos-client-2.0.4.jar:na]
	at com.alibaba.nacos.shaded.io.grpc.netty.shaded.io.netty.channel.nio.NioEventLoop.processSelectedKeysOptimized(NioEventLoop.java:632) ~[nacos-client-2.0.4.jar:na]
	at com.alibaba.nacos.shaded.io.grpc.netty.shaded.io.netty.channel.nio.NioEventLoop.processSelectedKeys(NioEventLoop.java:549) ~[nacos-client-2.0.4.jar:na]
	at com.alibaba.nacos.shaded.io.grpc.netty.shaded.io.netty.channel.nio.NioEventLoop.run(NioEventLoop.java:511) ~[nacos-client-2.0.4.jar:na]
	at com.alibaba.nacos.shaded.io.grpc.netty.shaded.io.netty.util.concurrent.SingleThreadEventExecutor$5.run(SingleThreadEventExecutor.java:918) ~[nacos-client-2.0.4.jar:na]
	at com.alibaba.nacos.shaded.io.grpc.netty.shaded.io.netty.util.internal.ThreadExecutorMap$2.run(ThreadExecutorMap.java:74) ~[nacos-client-2.0.4.jar:na]
	at com.alibaba.nacos.shaded.io.grpc.netty.shaded.io.netty.util.concurrent.FastThreadLocalRunnable.run(FastThreadLocalRunnable.java:30) ~[nacos-client-2.0.4.jar:na]
	at java.base/java.lang.Thread.run(Thread.java:834) ~[na:na]

01:20:21:349  INFO 19036 --- [com.alibaba.nacos.client.remote.worker] com.alibaba.nacos.common.remote.client   : [b816233e-8d21-4aad-ad8d-6f567dca7f1d_config-0] Fail to connect server, after trying 2 times, last try server is {serverIp = '110.41.61.31', server main port = 8848}, error = unknown
01:20:21:983 ERROR 19036 --- [com.alibaba.nacos.client.Worker] com.alibaba.nacos.common.remote.client   : Send request fail, request = ConfigBatchListenRequest{headers={charset=UTF-8, Client-AppName=unknown, Client-RequestToken=946782f1a09a8be090f201560d0c0f95, Client-RequestTS=1764609621874, exConfigInfo=true, Timestamp=1764609621874}, requestId='null'}, retryTimes = 0, errorMessage = Client not connected, current status:STARTING
01:20:22:091 ERROR 19036 --- [com.alibaba.nacos.client.Worker] com.alibaba.nacos.common.remote.client   : Send request fail, request = ConfigBatchListenRequest{headers={charset=UTF-8, Client-AppName=unknown, Client-RequestToken=946782f1a09a8be090f201560d0c0f95, Client-RequestTS=1764609621874, exConfigInfo=true, Timestamp=1764609621874}, requestId='null'}, retryTimes = 1, errorMessage = Client not connected, current status:STARTING
01:20:22:200 ERROR 19036 --- [com.alibaba.nacos.client.Worker] com.alibaba.nacos.common.remote.client   : Send request fail, request = ConfigBatchListenRequest{headers={charset=UTF-8, Client-AppName=unknown, Client-RequestToken=946782f1a09a8be090f201560d0c0f95, Client-RequestTS=1764609621874, exConfigInfo=true, Timestamp=1764609621874}, requestId='null'}, retryTimes = 2, errorMessage = Client not connected, current status:STARTING
01:20:22:328 ERROR 19036 --- [main] c.a.n.c.remote.client.grpc.GrpcClient    : Server check fail, please check server 110.41.61.31 ,port 9848 is available , error ={}

java.util.concurrent.ExecutionException: com.alibaba.nacos.shaded.io.grpc.StatusRuntimeException: UNAVAILABLE: io exception
	at com.alibaba.nacos.shaded.com.google.common.util.concurrent.AbstractFuture.getDoneValue(AbstractFuture.java:566) ~[nacos-client-2.0.4.jar:na]
	at com.alibaba.nacos.shaded.com.google.common.util.concurrent.AbstractFuture.get(AbstractFuture.java:445) ~[nacos-client-2.0.4.jar:na]
	at com.alibaba.nacos.common.remote.client.grpc.GrpcClient.serverCheck(GrpcClient.java:148) ~[nacos-client-2.0.4.jar:na]
	at com.alibaba.nacos.common.remote.client.grpc.GrpcClient.connectToServer(GrpcClient.java:264) ~[nacos-client-2.0.4.jar:na]
	at com.alibaba.nacos.common.remote.client.RpcClient.start(RpcClient.java:390) ~[nacos-client-2.0.4.jar:na]
	at com.alibaba.nacos.client.naming.remote.gprc.NamingGrpcClientProxy.start(NamingGrpcClientProxy.java:96) ~[nacos-client-2.0.4.jar:na]
	at com.alibaba.nacos.client.naming.remote.gprc.NamingGrpcClientProxy.<init>(NamingGrpcClientProxy.java:89) ~[nacos-client-2.0.4.jar:na]
	at com.alibaba.nacos.client.naming.remote.NamingClientProxyDelegate.<init>(NamingClientProxyDelegate.java:76) ~[nacos-client-2.0.4.jar:na]
	at com.alibaba.nacos.client.naming.NacosNamingService.init(NacosNamingService.java:95) ~[nacos-client-2.0.4.jar:na]
	at com.alibaba.nacos.client.naming.NacosNamingService.<init>(NacosNamingService.java:81) ~[nacos-client-2.0.4.jar:na]
	at java.base/jdk.internal.reflect.NativeConstructorAccessorImpl.newInstance0(Native Method) ~[na:na]
	at java.base/jdk.internal.reflect.NativeConstructorAccessorImpl.newInstance(NativeConstructorAccessorImpl.java:62) ~[na:na]
	at java.base/jdk.internal.reflect.DelegatingConstructorAccessorImpl.newInstance(DelegatingConstructorAccessorImpl.java:45) ~[na:na]
	at java.base/java.lang.reflect.Constructor.newInstance(Constructor.java:490) ~[na:na]
	at com.alibaba.nacos.api.naming.NamingFactory.createNamingService(NamingFactory.java:59) ~[nacos-client-2.0.4.jar:na]
	at com.alibaba.nacos.api.NacosFactory.createNamingService(NacosFactory.java:77) ~[nacos-client-2.0.4.jar:na]
	at com.alibaba.cloud.nacos.NacosServiceManager.createNewNamingService(NacosServiceManager.java:99) ~[spring-cloud-starter-alibaba-nacos-discovery-2021.0.4.0.jar:2021.0.4.0]
	at com.alibaba.cloud.nacos.NacosServiceManager.buildNamingService(NacosServiceManager.java:90) ~[spring-cloud-starter-alibaba-nacos-discovery-2021.0.4.0.jar:2021.0.4.0]
	at com.alibaba.cloud.nacos.NacosServiceManager.getNamingService(NacosServiceManager.java:46) ~[spring-cloud-starter-alibaba-nacos-discovery-2021.0.4.0.jar:2021.0.4.0]
	at com.alibaba.cloud.nacos.discovery.NacosWatch.start(NacosWatch.java:130) ~[spring-cloud-starter-alibaba-nacos-discovery-2021.0.4.0.jar:2021.0.4.0]
	at org.springframework.context.support.DefaultLifecycleProcessor.doStart(DefaultLifecycleProcessor.java:178) ~[spring-context-5.3.27.jar:5.3.27]
	at org.springframework.context.support.DefaultLifecycleProcessor.access$200(DefaultLifecycleProcessor.java:54) ~[spring-context-5.3.27.jar:5.3.27]
	at org.springframework.context.support.DefaultLifecycleProcessor$LifecycleGroup.start(DefaultLifecycleProcessor.java:356) ~[spring-context-5.3.27.jar:5.3.27]
	at java.base/java.lang.Iterable.forEach(Iterable.java:75) ~[na:na]
	at org.springframework.context.support.DefaultLifecycleProcessor.startBeans(DefaultLifecycleProcessor.java:155) ~[spring-context-5.3.27.jar:5.3.27]
	at org.springframework.context.support.DefaultLifecycleProcessor.onRefresh(DefaultLifecycleProcessor.java:123) ~[spring-context-5.3.27.jar:5.3.27]
	at org.springframework.context.support.AbstractApplicationContext.finishRefresh(AbstractApplicationContext.java:937) ~[spring-context-5.3.27.jar:5.3.27]
	at org.springframework.context.support.AbstractApplicationContext.refresh(AbstractApplicationContext.java:586) ~[spring-context-5.3.27.jar:5.3.27]
	at org.springframework.boot.web.reactive.context.ReactiveWebServerApplicationContext.refresh(ReactiveWebServerApplicationContext.java:66) ~[spring-boot-2.7.12.jar:2.7.12]
	at org.springframework.boot.SpringApplication.refresh(SpringApplication.java:731) ~[spring-boot-2.7.12.jar:2.7.12]
	at org.springframework.boot.SpringApplication.refreshContext(SpringApplication.java:408) ~[spring-boot-2.7.12.jar:2.7.12]
	at org.springframework.boot.SpringApplication.run(SpringApplication.java:307) ~[spring-boot-2.7.12.jar:2.7.12]
	at org.springframework.boot.SpringApplication.run(SpringApplication.java:1303) ~[spring-boot-2.7.12.jar:2.7.12]
	at org.springframework.boot.SpringApplication.run(SpringApplication.java:1292) ~[spring-boot-2.7.12.jar:2.7.12]
	at com.hmall.gateway.GatewayApplication.main(GatewayApplication.java:9) ~[classes/:na]
Caused by: com.alibaba.nacos.shaded.io.grpc.StatusRuntimeException: UNAVAILABLE: io exception
	at com.alibaba.nacos.shaded.io.grpc.Status.asRuntimeException(Status.java:533) ~[nacos-client-2.0.4.jar:na]
	at com.alibaba.nacos.shaded.io.grpc.stub.ClientCalls$UnaryStreamToFuture.onClose(ClientCalls.java:490) ~[nacos-client-2.0.4.jar:na]
	at com.alibaba.nacos.shaded.io.grpc.PartialForwardingClientCallListener.onClose(PartialForwardingClientCallListener.java:39) ~[nacos-client-2.0.4.jar:na]
	at com.alibaba.nacos.shaded.io.grpc.ForwardingClientCallListener.onClose(ForwardingClientCallListener.java:23) ~[nacos-client-2.0.4.jar:na]
	at com.alibaba.nacos.shaded.io.grpc.ForwardingClientCallListener$SimpleForwardingClientCallListener.onClose(ForwardingClientCallListener.java:40) ~[nacos-client-2.0.4.jar:na]
	at com.alibaba.nacos.shaded.io.grpc.internal.CensusStatsModule$StatsClientInterceptor$1$1.onClose(CensusStatsModule.java:700) ~[nacos-client-2.0.4.jar:na]
	at com.alibaba.nacos.shaded.io.grpc.PartialForwardingClientCallListener.onClose(PartialForwardingClientCallListener.java:39) ~[nacos-client-2.0.4.jar:na]
	at com.alibaba.nacos.shaded.io.grpc.ForwardingClientCallListener.onClose(ForwardingClientCallListener.java:23) ~[nacos-client-2.0.4.jar:na]
	at com.alibaba.nacos.shaded.io.grpc.ForwardingClientCallListener$SimpleForwardingClientCallListener.onClose(ForwardingClientCallListener.java:40) ~[nacos-client-2.0.4.jar:na]
	at com.alibaba.nacos.shaded.io.grpc.internal.CensusTracingModule$TracingClientInterceptor$1$1.onClose(CensusTracingModule.java:399) ~[nacos-client-2.0.4.jar:na]
	at com.alibaba.nacos.shaded.io.grpc.internal.ClientCallImpl.closeObserver(ClientCallImpl.java:510) ~[nacos-client-2.0.4.jar:na]
	at com.alibaba.nacos.shaded.io.grpc.internal.ClientCallImpl.access$300(ClientCallImpl.java:66) ~[nacos-client-2.0.4.jar:na]
	at com.alibaba.nacos.shaded.io.grpc.internal.ClientCallImpl$ClientStreamListenerImpl.close(ClientCallImpl.java:630) ~[nacos-client-2.0.4.jar:na]
	at com.alibaba.nacos.shaded.io.grpc.internal.ClientCallImpl$ClientStreamListenerImpl.access$700(ClientCallImpl.java:518) ~[nacos-client-2.0.4.jar:na]
	at com.alibaba.nacos.shaded.io.grpc.internal.ClientCallImpl$ClientStreamListenerImpl$1StreamClosed.runInternal(ClientCallImpl.java:692) ~[nacos-client-2.0.4.jar:na]
	at com.alibaba.nacos.shaded.io.grpc.internal.ClientCallImpl$ClientStreamListenerImpl$1StreamClosed.runInContext(ClientCallImpl.java:681) ~[nacos-client-2.0.4.jar:na]
	at com.alibaba.nacos.shaded.io.grpc.internal.ContextRunnable.run(ContextRunnable.java:37) ~[nacos-client-2.0.4.jar:na]
	at com.alibaba.nacos.shaded.io.grpc.internal.SerializingExecutor.run(SerializingExecutor.java:123) ~[nacos-client-2.0.4.jar:na]
	at java.base/java.util.concurrent.ThreadPoolExecutor.runWorker(ThreadPoolExecutor.java:1128) ~[na:na]
	at java.base/java.util.concurrent.ThreadPoolExecutor$Worker.run(ThreadPoolExecutor.java:628) ~[na:na]
	at java.base/java.lang.Thread.run(Thread.java:834) ~[na:na]
Caused by: com.alibaba.nacos.shaded.io.grpc.netty.shaded.io.netty.channel.AbstractChannel$AnnotatedConnectException: Connection refused: no further information: /110.41.61.31:9848
Caused by: java.net.ConnectException: Connection refused: no further information
	at java.base/sun.nio.ch.SocketChannelImpl.checkConnect(Native Method) ~[na:na]
	at java.base/sun.nio.ch.SocketChannelImpl.finishConnect(SocketChannelImpl.java:779) ~[na:na]
	at com.alibaba.nacos.shaded.io.grpc.netty.shaded.io.netty.channel.socket.nio.NioSocketChannel.doFinishConnect(NioSocketChannel.java:327) ~[nacos-client-2.0.4.jar:na]
	at com.alibaba.nacos.shaded.io.grpc.netty.shaded.io.netty.channel.nio.AbstractNioChannel$AbstractNioUnsafe.finishConnect(AbstractNioChannel.java:336) ~[nacos-client-2.0.4.jar:na]
	at com.alibaba.nacos.shaded.io.grpc.netty.shaded.io.netty.channel.nio.NioEventLoop.processSelectedKey(NioEventLoop.java:685) ~[nacos-client-2.0.4.jar:na]
	at com.alibaba.nacos.shaded.io.grpc.netty.shaded.io.netty.channel.nio.NioEventLoop.processSelectedKeysOptimized(NioEventLoop.java:632) ~[nacos-client-2.0.4.jar:na]
	at com.alibaba.nacos.shaded.io.grpc.netty.shaded.io.netty.channel.nio.NioEventLoop.processSelectedKeys(NioEventLoop.java:549) ~[nacos-client-2.0.4.jar:na]
	at com.alibaba.nacos.shaded.io.grpc.netty.shaded.io.netty.channel.nio.NioEventLoop.run(NioEventLoop.java:511) ~[nacos-client-2.0.4.jar:na]
	at com.alibaba.nacos.shaded.io.grpc.netty.shaded.io.netty.util.concurrent.SingleThreadEventExecutor$5.run(SingleThreadEventExecutor.java:918) ~[nacos-client-2.0.4.jar:na]
	at com.alibaba.nacos.shaded.io.grpc.netty.shaded.io.netty.util.internal.ThreadExecutorMap$2.run(ThreadExecutorMap.java:74) ~[nacos-client-2.0.4.jar:na]
	at com.alibaba.nacos.shaded.io.grpc.netty.shaded.io.netty.util.concurrent.FastThreadLocalRunnable.run(FastThreadLocalRunnable.java:30) ~[nacos-client-2.0.4.jar:na]
	at java.base/java.lang.Thread.run(Thread.java:834) ~[na:na]

01:20:22:329  INFO 19036 --- [main] com.alibaba.nacos.common.remote.client   : [5318e13d-8188-4b12-bcff-3805e7a19004] Try to connect to server on start up, server: {serverIp = '110.41.61.31', server main port = 8848}
01:20:24:160 ERROR 19036 --- [com.alibaba.nacos.client.remote.worker] c.a.n.c.remote.client.grpc.GrpcClient    : Server check fail, please check server 110.41.61.31 ,port 9848 is available , error ={}

java.util.concurrent.ExecutionException: com.alibaba.nacos.shaded.io.grpc.StatusRuntimeException: UNAVAILABLE: io exception
	at com.alibaba.nacos.shaded.com.google.common.util.concurrent.AbstractFuture.getDoneValue(AbstractFuture.java:566) ~[nacos-client-2.0.4.jar:na]
	at com.alibaba.nacos.shaded.com.google.common.util.concurrent.AbstractFuture.get(AbstractFuture.java:445) ~[nacos-client-2.0.4.jar:na]
	at com.alibaba.nacos.common.remote.client.grpc.GrpcClient.serverCheck(GrpcClient.java:148) ~[nacos-client-2.0.4.jar:na]
	at com.alibaba.nacos.common.remote.client.grpc.GrpcClient.connectToServer(GrpcClient.java:264) ~[nacos-client-2.0.4.jar:na]
	at com.alibaba.nacos.common.remote.client.RpcClient.reconnect(RpcClient.java:522) ~[nacos-client-2.0.4.jar:na]
	at com.alibaba.nacos.common.remote.client.RpcClient.lambda$start$2(RpcClient.java:370) ~[nacos-client-2.0.4.jar:na]
	at java.base/java.util.concurrent.Executors$RunnableAdapter.call(Executors.java:515) ~[na:na]
	at java.base/java.util.concurrent.FutureTask.run(FutureTask.java:264) ~[na:na]
	at java.base/java.util.concurrent.ScheduledThreadPoolExecutor$ScheduledFutureTask.run(ScheduledThreadPoolExecutor.java:304) ~[na:na]
	at java.base/java.util.concurrent.ThreadPoolExecutor.runWorker(ThreadPoolExecutor.java:1128) ~[na:na]
	at java.base/java.util.concurrent.ThreadPoolExecutor$Worker.run(ThreadPoolExecutor.java:628) ~[na:na]
	at java.base/java.lang.Thread.run(Thread.java:834) ~[na:na]
Caused by: com.alibaba.nacos.shaded.io.grpc.StatusRuntimeException: UNAVAILABLE: io exception
	at com.alibaba.nacos.shaded.io.grpc.Status.asRuntimeException(Status.java:533) ~[nacos-client-2.0.4.jar:na]
	at com.alibaba.nacos.shaded.io.grpc.stub.ClientCalls$UnaryStreamToFuture.onClose(ClientCalls.java:490) ~[nacos-client-2.0.4.jar:na]
	at com.alibaba.nacos.shaded.io.grpc.PartialForwardingClientCallListener.onClose(PartialForwardingClientCallListener.java:39) ~[nacos-client-2.0.4.jar:na]
	at com.alibaba.nacos.shaded.io.grpc.ForwardingClientCallListener.onClose(ForwardingClientCallListener.java:23) ~[nacos-client-2.0.4.jar:na]
	at com.alibaba.nacos.shaded.io.grpc.ForwardingClientCallListener$SimpleForwardingClientCallListener.onClose(ForwardingClientCallListener.java:40) ~[nacos-client-2.0.4.jar:na]
	at com.alibaba.nacos.shaded.io.grpc.internal.CensusStatsModule$StatsClientInterceptor$1$1.onClose(CensusStatsModule.java:700) ~[nacos-client-2.0.4.jar:na]
	at com.alibaba.nacos.shaded.io.grpc.PartialForwardingClientCallListener.onClose(PartialForwardingClientCallListener.java:39) ~[nacos-client-2.0.4.jar:na]
	at com.alibaba.nacos.shaded.io.grpc.ForwardingClientCallListener.onClose(ForwardingClientCallListener.java:23) ~[nacos-client-2.0.4.jar:na]
	at com.alibaba.nacos.shaded.io.grpc.ForwardingClientCallListener$SimpleForwardingClientCallListener.onClose(ForwardingClientCallListener.java:40) ~[nacos-client-2.0.4.jar:na]
	at com.alibaba.nacos.shaded.io.grpc.internal.CensusTracingModule$TracingClientInterceptor$1$1.onClose(CensusTracingModule.java:399) ~[nacos-client-2.0.4.jar:na]
	at com.alibaba.nacos.shaded.io.grpc.internal.ClientCallImpl.closeObserver(ClientCallImpl.java:510) ~[nacos-client-2.0.4.jar:na]
	at com.alibaba.nacos.shaded.io.grpc.internal.ClientCallImpl.access$300(ClientCallImpl.java:66) ~[nacos-client-2.0.4.jar:na]
	at com.alibaba.nacos.shaded.io.grpc.internal.ClientCallImpl$ClientStreamListenerImpl.close(ClientCallImpl.java:630) ~[nacos-client-2.0.4.jar:na]
	at com.alibaba.nacos.shaded.io.grpc.internal.ClientCallImpl$ClientStreamListenerImpl.access$700(ClientCallImpl.java:518) ~[nacos-client-2.0.4.jar:na]
	at com.alibaba.nacos.shaded.io.grpc.internal.ClientCallImpl$ClientStreamListenerImpl$1StreamClosed.runInternal(ClientCallImpl.java:692) ~[nacos-client-2.0.4.jar:na]
	at com.alibaba.nacos.shaded.io.grpc.internal.ClientCallImpl$ClientStreamListenerImpl$1StreamClosed.runInContext(ClientCallImpl.java:681) ~[nacos-client-2.0.4.jar:na]
	at com.alibaba.nacos.shaded.io.grpc.internal.ContextRunnable.run(ContextRunnable.java:37) ~[nacos-client-2.0.4.jar:na]
	at com.alibaba.nacos.shaded.io.grpc.internal.SerializingExecutor.run(SerializingExecutor.java:123) ~[nacos-client-2.0.4.jar:na]
	... 3 common frames omitted
Caused by: com.alibaba.nacos.shaded.io.grpc.netty.shaded.io.netty.channel.AbstractChannel$AnnotatedConnectException: Connection refused: no further information: /110.41.61.31:9848
Caused by: java.net.ConnectException: Connection refused: no further information
	at java.base/sun.nio.ch.SocketChannelImpl.checkConnect(Native Method) ~[na:na]
	at java.base/sun.nio.ch.SocketChannelImpl.finishConnect(SocketChannelImpl.java:779) ~[na:na]
	at com.alibaba.nacos.shaded.io.grpc.netty.shaded.io.netty.channel.socket.nio.NioSocketChannel.doFinishConnect(NioSocketChannel.java:327) ~[nacos-client-2.0.4.jar:na]
	at com.alibaba.nacos.shaded.io.grpc.netty.shaded.io.netty.channel.nio.AbstractNioChannel$AbstractNioUnsafe.finishConnect(AbstractNioChannel.java:336) ~[nacos-client-2.0.4.jar:na]
	at com.alibaba.nacos.shaded.io.grpc.netty.shaded.io.netty.channel.nio.NioEventLoop.processSelectedKey(NioEventLoop.java:685) ~[nacos-client-2.0.4.jar:na]
	at com.alibaba.nacos.shaded.io.grpc.netty.shaded.io.netty.channel.nio.NioEventLoop.processSelectedKeysOptimized(NioEventLoop.java:632) ~[nacos-client-2.0.4.jar:na]
	at com.alibaba.nacos.shaded.io.grpc.netty.shaded.io.netty.channel.nio.NioEventLoop.processSelectedKeys(NioEventLoop.java:549) ~[nacos-client-2.0.4.jar:na]
	at com.alibaba.nacos.shaded.io.grpc.netty.shaded.io.netty.channel.nio.NioEventLoop.run(NioEventLoop.java:511) ~[nacos-client-2.0.4.jar:na]
	at com.alibaba.nacos.shaded.io.grpc.netty.shaded.io.netty.util.concurrent.SingleThreadEventExecutor$5.run(SingleThreadEventExecutor.java:918) ~[nacos-client-2.0.4.jar:na]
	at com.alibaba.nacos.shaded.io.grpc.netty.shaded.io.netty.util.internal.ThreadExecutorMap$2.run(ThreadExecutorMap.java:74) ~[nacos-client-2.0.4.jar:na]
	at com.alibaba.nacos.shaded.io.grpc.netty.shaded.io.netty.util.concurrent.FastThreadLocalRunnable.run(FastThreadLocalRunnable.java:30) ~[nacos-client-2.0.4.jar:na]
	at java.base/java.lang.Thread.run(Thread.java:834) ~[na:na]

01:20:24:160  INFO 19036 --- [com.alibaba.nacos.client.remote.worker] com.alibaba.nacos.common.remote.client   : [b816233e-8d21-4aad-ad8d-6f567dca7f1d_config-0] Fail to connect server, after trying 3 times, last try server is {serverIp = '110.41.61.31', server main port = 8848}, error = unknown
01:20:24:820 ERROR 19036 --- [main] c.a.n.c.remote.client.grpc.GrpcClient    : Server check fail, please check server 110.41.61.31 ,port 9848 is available , error ={}

java.util.concurrent.ExecutionException: com.alibaba.nacos.shaded.io.grpc.StatusRuntimeException: UNAVAILABLE: io exception
	at com.alibaba.nacos.shaded.com.google.common.util.concurrent.AbstractFuture.getDoneValue(AbstractFuture.java:566) ~[nacos-client-2.0.4.jar:na]
	at com.alibaba.nacos.shaded.com.google.common.util.concurrent.AbstractFuture.get(AbstractFuture.java:445) ~[nacos-client-2.0.4.jar:na]
	at com.alibaba.nacos.common.remote.client.grpc.GrpcClient.serverCheck(GrpcClient.java:148) ~[nacos-client-2.0.4.jar:na]
	at com.alibaba.nacos.common.remote.client.grpc.GrpcClient.connectToServer(GrpcClient.java:264) ~[nacos-client-2.0.4.jar:na]
	at com.alibaba.nacos.common.remote.client.RpcClient.start(RpcClient.java:390) ~[nacos-client-2.0.4.jar:na]
	at com.alibaba.nacos.client.naming.remote.gprc.NamingGrpcClientProxy.start(NamingGrpcClientProxy.java:96) ~[nacos-client-2.0.4.jar:na]
	at com.alibaba.nacos.client.naming.remote.gprc.NamingGrpcClientProxy.<init>(NamingGrpcClientProxy.java:89) ~[nacos-client-2.0.4.jar:na]
	at com.alibaba.nacos.client.naming.remote.NamingClientProxyDelegate.<init>(NamingClientProxyDelegate.java:76) ~[nacos-client-2.0.4.jar:na]
	at com.alibaba.nacos.client.naming.NacosNamingService.init(NacosNamingService.java:95) ~[nacos-client-2.0.4.jar:na]
	at com.alibaba.nacos.client.naming.NacosNamingService.<init>(NacosNamingService.java:81) ~[nacos-client-2.0.4.jar:na]
	at java.base/jdk.internal.reflect.NativeConstructorAccessorImpl.newInstance0(Native Method) ~[na:na]
	at java.base/jdk.internal.reflect.NativeConstructorAccessorImpl.newInstance(NativeConstructorAccessorImpl.java:62) ~[na:na]
	at java.base/jdk.internal.reflect.DelegatingConstructorAccessorImpl.newInstance(DelegatingConstructorAccessorImpl.java:45) ~[na:na]
	at java.base/java.lang.reflect.Constructor.newInstance(Constructor.java:490) ~[na:na]
	at com.alibaba.nacos.api.naming.NamingFactory.createNamingService(NamingFactory.java:59) ~[nacos-client-2.0.4.jar:na]
	at com.alibaba.nacos.api.NacosFactory.createNamingService(NacosFactory.java:77) ~[nacos-client-2.0.4.jar:na]
	at com.alibaba.cloud.nacos.NacosServiceManager.createNewNamingService(NacosServiceManager.java:99) ~[spring-cloud-starter-alibaba-nacos-discovery-2021.0.4.0.jar:2021.0.4.0]
	at com.alibaba.cloud.nacos.NacosServiceManager.buildNamingService(NacosServiceManager.java:90) ~[spring-cloud-starter-alibaba-nacos-discovery-2021.0.4.0.jar:2021.0.4.0]
	at com.alibaba.cloud.nacos.NacosServiceManager.getNamingService(NacosServiceManager.java:46) ~[spring-cloud-starter-alibaba-nacos-discovery-2021.0.4.0.jar:2021.0.4.0]
	at com.alibaba.cloud.nacos.discovery.NacosWatch.start(NacosWatch.java:130) ~[spring-cloud-starter-alibaba-nacos-discovery-2021.0.4.0.jar:2021.0.4.0]
	at org.springframework.context.support.DefaultLifecycleProcessor.doStart(DefaultLifecycleProcessor.java:178) ~[spring-context-5.3.27.jar:5.3.27]
	at org.springframework.context.support.DefaultLifecycleProcessor.access$200(DefaultLifecycleProcessor.java:54) ~[spring-context-5.3.27.jar:5.3.27]
	at org.springframework.context.support.DefaultLifecycleProcessor$LifecycleGroup.start(DefaultLifecycleProcessor.java:356) ~[spring-context-5.3.27.jar:5.3.27]
	at java.base/java.lang.Iterable.forEach(Iterable.java:75) ~[na:na]
	at org.springframework.context.support.DefaultLifecycleProcessor.startBeans(DefaultLifecycleProcessor.java:155) ~[spring-context-5.3.27.jar:5.3.27]
	at org.springframework.context.support.DefaultLifecycleProcessor.onRefresh(DefaultLifecycleProcessor.java:123) ~[spring-context-5.3.27.jar:5.3.27]
	at org.springframework.context.support.AbstractApplicationContext.finishRefresh(AbstractApplicationContext.java:937) ~[spring-context-5.3.27.jar:5.3.27]
	at org.springframework.context.support.AbstractApplicationContext.refresh(AbstractApplicationContext.java:586) ~[spring-context-5.3.27.jar:5.3.27]
	at org.springframework.boot.web.reactive.context.ReactiveWebServerApplicationContext.refresh(ReactiveWebServerApplicationContext.java:66) ~[spring-boot-2.7.12.jar:2.7.12]
	at org.springframework.boot.SpringApplication.refresh(SpringApplication.java:731) ~[spring-boot-2.7.12.jar:2.7.12]
	at org.springframework.boot.SpringApplication.refreshContext(SpringApplication.java:408) ~[spring-boot-2.7.12.jar:2.7.12]
	at org.springframework.boot.SpringApplication.run(SpringApplication.java:307) ~[spring-boot-2.7.12.jar:2.7.12]
	at org.springframework.boot.SpringApplication.run(SpringApplication.java:1303) ~[spring-boot-2.7.12.jar:2.7.12]
	at org.springframework.boot.SpringApplication.run(SpringApplication.java:1292) ~[spring-boot-2.7.12.jar:2.7.12]
	at com.hmall.gateway.GatewayApplication.main(GatewayApplication.java:9) ~[classes/:na]
Caused by: com.alibaba.nacos.shaded.io.grpc.StatusRuntimeException: UNAVAILABLE: io exception
	at com.alibaba.nacos.shaded.io.grpc.Status.asRuntimeException(Status.java:533) ~[nacos-client-2.0.4.jar:na]
	at com.alibaba.nacos.shaded.io.grpc.stub.ClientCalls$UnaryStreamToFuture.onClose(ClientCalls.java:490) ~[nacos-client-2.0.4.jar:na]
	at com.alibaba.nacos.shaded.io.grpc.PartialForwardingClientCallListener.onClose(PartialForwardingClientCallListener.java:39) ~[nacos-client-2.0.4.jar:na]
	at com.alibaba.nacos.shaded.io.grpc.ForwardingClientCallListener.onClose(ForwardingClientCallListener.java:23) ~[nacos-client-2.0.4.jar:na]
	at com.alibaba.nacos.shaded.io.grpc.ForwardingClientCallListener$SimpleForwardingClientCallListener.onClose(ForwardingClientCallListener.java:40) ~[nacos-client-2.0.4.jar:na]
	at com.alibaba.nacos.shaded.io.grpc.internal.CensusStatsModule$StatsClientInterceptor$1$1.onClose(CensusStatsModule.java:700) ~[nacos-client-2.0.4.jar:na]
	at com.alibaba.nacos.shaded.io.grpc.PartialForwardingClientCallListener.onClose(PartialForwardingClientCallListener.java:39) ~[nacos-client-2.0.4.jar:na]
	at com.alibaba.nacos.shaded.io.grpc.ForwardingClientCallListener.onClose(ForwardingClientCallListener.java:23) ~[nacos-client-2.0.4.jar:na]
	at com.alibaba.nacos.shaded.io.grpc.ForwardingClientCallListener$SimpleForwardingClientCallListener.onClose(ForwardingClientCallListener.java:40) ~[nacos-client-2.0.4.jar:na]
	at com.alibaba.nacos.shaded.io.grpc.internal.CensusTracingModule$TracingClientInterceptor$1$1.onClose(CensusTracingModule.java:399) ~[nacos-client-2.0.4.jar:na]
	at com.alibaba.nacos.shaded.io.grpc.internal.ClientCallImpl.closeObserver(ClientCallImpl.java:510) ~[nacos-client-2.0.4.jar:na]
	at com.alibaba.nacos.shaded.io.grpc.internal.ClientCallImpl.access$300(ClientCallImpl.java:66) ~[nacos-client-2.0.4.jar:na]
	at com.alibaba.nacos.shaded.io.grpc.internal.ClientCallImpl$ClientStreamListenerImpl.close(ClientCallImpl.java:630) ~[nacos-client-2.0.4.jar:na]
	at com.alibaba.nacos.shaded.io.grpc.internal.ClientCallImpl$ClientStreamListenerImpl.access$700(ClientCallImpl.java:518) ~[nacos-client-2.0.4.jar:na]
	at com.alibaba.nacos.shaded.io.grpc.internal.ClientCallImpl$ClientStreamListenerImpl$1StreamClosed.runInternal(ClientCallImpl.java:692) ~[nacos-client-2.0.4.jar:na]
	at com.alibaba.nacos.shaded.io.grpc.internal.ClientCallImpl$ClientStreamListenerImpl$1StreamClosed.runInContext(ClientCallImpl.java:681) ~[nacos-client-2.0.4.jar:na]
	at com.alibaba.nacos.shaded.io.grpc.internal.ContextRunnable.run(ContextRunnable.java:37) ~[nacos-client-2.0.4.jar:na]
	at com.alibaba.nacos.shaded.io.grpc.internal.SerializingExecutor.run(SerializingExecutor.java:123) ~[nacos-client-2.0.4.jar:na]
	at java.base/java.util.concurrent.ThreadPoolExecutor.runWorker(ThreadPoolExecutor.java:1128) ~[na:na]
	at java.base/java.util.concurrent.ThreadPoolExecutor$Worker.run(ThreadPoolExecutor.java:628) ~[na:na]
	at java.base/java.lang.Thread.run(Thread.java:834) ~[na:na]
Caused by: com.alibaba.nacos.shaded.io.grpc.netty.shaded.io.netty.channel.AbstractChannel$AnnotatedConnectException: Connection refused: no further information: /110.41.61.31:9848
Caused by: java.net.ConnectException: Connection refused: no further information
	at java.base/sun.nio.ch.SocketChannelImpl.checkConnect(Native Method) ~[na:na]
	at java.base/sun.nio.ch.SocketChannelImpl.finishConnect(SocketChannelImpl.java:779) ~[na:na]
	at com.alibaba.nacos.shaded.io.grpc.netty.shaded.io.netty.channel.socket.nio.NioSocketChannel.doFinishConnect(NioSocketChannel.java:327) ~[nacos-client-2.0.4.jar:na]
	at com.alibaba.nacos.shaded.io.grpc.netty.shaded.io.netty.channel.nio.AbstractNioChannel$AbstractNioUnsafe.finishConnect(AbstractNioChannel.java:336) ~[nacos-client-2.0.4.jar:na]
	at com.alibaba.nacos.shaded.io.grpc.netty.shaded.io.netty.channel.nio.NioEventLoop.processSelectedKey(NioEventLoop.java:685) ~[nacos-client-2.0.4.jar:na]
	at com.alibaba.nacos.shaded.io.grpc.netty.shaded.io.netty.channel.nio.NioEventLoop.processSelectedKeysOptimized(NioEventLoop.java:632) ~[nacos-client-2.0.4.jar:na]
	at com.alibaba.nacos.shaded.io.grpc.netty.shaded.io.netty.channel.nio.NioEventLoop.processSelectedKeys(NioEventLoop.java:549) ~[nacos-client-2.0.4.jar:na]
	at com.alibaba.nacos.shaded.io.grpc.netty.shaded.io.netty.channel.nio.NioEventLoop.run(NioEventLoop.java:511) ~[nacos-client-2.0.4.jar:na]
	at com.alibaba.nacos.shaded.io.grpc.netty.shaded.io.netty.util.concurrent.SingleThreadEventExecutor$5.run(SingleThreadEventExecutor.java:918) ~[nacos-client-2.0.4.jar:na]
	at com.alibaba.nacos.shaded.io.grpc.netty.shaded.io.netty.util.internal.ThreadExecutorMap$2.run(ThreadExecutorMap.java:74) ~[nacos-client-2.0.4.jar:na]
	at com.alibaba.nacos.shaded.io.grpc.netty.shaded.io.netty.util.concurrent.FastThreadLocalRunnable.run(FastThreadLocalRunnable.java:30) ~[nacos-client-2.0.4.jar:na]
	at java.base/java.lang.Thread.run(Thread.java:834) ~[na:na]

01:20:24:820  INFO 19036 --- [main] com.alibaba.nacos.common.remote.client   : [5318e13d-8188-4b12-bcff-3805e7a19004] Register server push request handler:com.alibaba.nacos.common.remote.client.RpcClient$ConnectResetRequestHandler
01:20:24:820  INFO 19036 --- [com.alibaba.nacos.client.remote.worker] com.alibaba.nacos.common.remote.client   : [5318e13d-8188-4b12-bcff-3805e7a19004] Try to reconnect to a new server, server is  not appointed, will choose a random server.
01:20:24:822  INFO 19036 --- [main] com.alibaba.nacos.common.remote.client   : [5318e13d-8188-4b12-bcff-3805e7a19004] Register server push request handler:com.alibaba.nacos.common.remote.client.RpcClient$$Lambda$468/0x00000008004f4840
01:20:24:933 ERROR 19036 --- [main] com.alibaba.nacos.common.remote.client   : Send request fail, request = SubscribeServiceRequest{headers={app=unknown}, requestId='null'}, retryTimes = 0, errorMessage = Client not connected, current status:STARTING
01:20:25:042 ERROR 19036 --- [main] com.alibaba.nacos.common.remote.client   : Send request fail, request = SubscribeServiceRequest{headers={app=unknown}, requestId='null'}, retryTimes = 1, errorMessage = Client not connected, current status:STARTING
01:20:25:151 ERROR 19036 --- [main] com.alibaba.nacos.common.remote.client   : Send request fail, request = SubscribeServiceRequest{headers={app=unknown}, requestId='null'}, retryTimes = 2, errorMessage = Client not connected, current status:STARTING
01:20:25:151 ERROR 19036 --- [main] c.a.cloud.nacos.discovery.NacosWatch     : namingService subscribe failed, properties:NacosDiscoveryProperties{serverAddr='110.41.61.31:8848', username='', password='', endpoint='', namespace='', watchDelay=30000, logName='', service='gateway', weight=1.0, clusterName='DEFAULT', group='DEFAULT_GROUP', namingLoadCacheAtStart='false', metadata={preserved.register.source=SPRING_CLOUD}, registerEnabled=true, ip='192.168.212.91', networkInterface='', port=-1, secure=false, accessKey='', secretKey='', heartBeatInterval=null, heartBeatTimeout=null, ipDeleteTimeout=null, instanceEnabled=true, ephemeral=true, failureToleranceEnabled=false}, ipDeleteTimeout=null, failFast=true}

com.alibaba.nacos.api.exception.NacosException: Request nacos server failed: 
	at com.alibaba.nacos.client.naming.remote.gprc.NamingGrpcClientProxy.requestToServer(NamingGrpcClientProxy.java:290) ~[nacos-client-2.0.4.jar:na]
	at com.alibaba.nacos.client.naming.remote.gprc.NamingGrpcClientProxy.doSubscribe(NamingGrpcClientProxy.java:230) ~[nacos-client-2.0.4.jar:na]
	at com.alibaba.nacos.client.naming.remote.gprc.NamingGrpcClientProxy.subscribe(NamingGrpcClientProxy.java:215) ~[nacos-client-2.0.4.jar:na]
	at com.alibaba.nacos.client.naming.remote.NamingClientProxyDelegate.subscribe(NamingClientProxyDelegate.java:147) ~[nacos-client-2.0.4.jar:na]
	at com.alibaba.nacos.client.naming.NacosNamingService.subscribe(NacosNamingService.java:393) ~[nacos-client-2.0.4.jar:na]
	at com.alibaba.cloud.nacos.discovery.NacosWatch.start(NacosWatch.java:132) ~[spring-cloud-starter-alibaba-nacos-discovery-2021.0.4.0.jar:2021.0.4.0]
	at org.springframework.context.support.DefaultLifecycleProcessor.doStart(DefaultLifecycleProcessor.java:178) ~[spring-context-5.3.27.jar:5.3.27]
	at org.springframework.context.support.DefaultLifecycleProcessor.access$200(DefaultLifecycleProcessor.java:54) ~[spring-context-5.3.27.jar:5.3.27]
	at org.springframework.context.support.DefaultLifecycleProcessor$LifecycleGroup.start(DefaultLifecycleProcessor.java:356) ~[spring-context-5.3.27.jar:5.3.27]
	at java.base/java.lang.Iterable.forEach(Iterable.java:75) ~[na:na]
	at org.springframework.context.support.DefaultLifecycleProcessor.startBeans(DefaultLifecycleProcessor.java:155) ~[spring-context-5.3.27.jar:5.3.27]
	at org.springframework.context.support.DefaultLifecycleProcessor.onRefresh(DefaultLifecycleProcessor.java:123) ~[spring-context-5.3.27.jar:5.3.27]
	at org.springframework.context.support.AbstractApplicationContext.finishRefresh(AbstractApplicationContext.java:937) ~[spring-context-5.3.27.jar:5.3.27]
	at org.springframework.context.support.AbstractApplicationContext.refresh(AbstractApplicationContext.java:586) ~[spring-context-5.3.27.jar:5.3.27]
	at org.springframework.boot.web.reactive.context.ReactiveWebServerApplicationContext.refresh(ReactiveWebServerApplicationContext.java:66) ~[spring-boot-2.7.12.jar:2.7.12]
	at org.springframework.boot.SpringApplication.refresh(SpringApplication.java:731) ~[spring-boot-2.7.12.jar:2.7.12]
	at org.springframework.boot.SpringApplication.refreshContext(SpringApplication.java:408) ~[spring-boot-2.7.12.jar:2.7.12]
	at org.springframework.boot.SpringApplication.run(SpringApplication.java:307) ~[spring-boot-2.7.12.jar:2.7.12]
	at org.springframework.boot.SpringApplication.run(SpringApplication.java:1303) ~[spring-boot-2.7.12.jar:2.7.12]
	at org.springframework.boot.SpringApplication.run(SpringApplication.java:1292) ~[spring-boot-2.7.12.jar:2.7.12]
	at com.hmall.gateway.GatewayApplication.main(GatewayApplication.java:9) ~[classes/:na]
Caused by: com.alibaba.nacos.api.exception.NacosException: Client not connected, current status:STARTING
	at com.alibaba.nacos.common.remote.client.RpcClient.request(RpcClient.java:650) ~[nacos-client-2.0.4.jar:na]
	at com.alibaba.nacos.common.remote.client.RpcClient.request(RpcClient.java:630) ~[nacos-client-2.0.4.jar:na]
	at com.alibaba.nacos.client.naming.remote.gprc.NamingGrpcClientProxy.requestToServer(NamingGrpcClientProxy.java:280) ~[nacos-client-2.0.4.jar:na]
	... 20 common frames omitted

01:20:25:423  INFO 19036 --- [main] o.s.b.web.embedded.netty.NettyWebServer  : Netty started on port 8080
01:20:25:889 ERROR 19036 --- [main] com.alibaba.nacos.common.remote.client   : Send request fail, request = InstanceRequest{headers={app=unknown}, requestId='null'}, retryTimes = 0, errorMessage = Client not connected, current status:STARTING
01:20:25:937 ERROR 19036 --- [com.alibaba.nacos.client.naming.updater.0] com.alibaba.nacos.common.remote.client   : Send request fail, request = ServiceQueryRequest{headers={app=unknown}, requestId='null'}, retryTimes = 0, errorMessage = Client not connected, current status:STARTING
01:20:26:000 ERROR 19036 --- [main] com.alibaba.nacos.common.remote.client   : Send request fail, request = InstanceRequest{headers={app=unknown}, requestId='null'}, retryTimes = 1, errorMessage = Client not connected, current status:STARTING
01:20:26:046 ERROR 19036 --- [com.alibaba.nacos.client.naming.updater.0] com.alibaba.nacos.common.remote.client   : Send request fail, request = ServiceQueryRequest{headers={app=unknown}, requestId='null'}, retryTimes = 1, errorMessage = Client not connected, current status:STARTING
01:20:26:109 ERROR 19036 --- [main] com.alibaba.nacos.common.remote.client   : Send request fail, request = InstanceRequest{headers={app=unknown}, requestId='null'}, retryTimes = 2, errorMessage = Client not connected, current status:STARTING
01:20:26:110 ERROR 19036 --- [main] c.a.c.n.registry.NacosServiceRegistry    : nacos registry, gateway register failed...NacosRegistration{nacosDiscoveryProperties=NacosDiscoveryProperties{serverAddr='110.41.61.31:8848', username='', password='', endpoint='', namespace='', watchDelay=30000, logName='', service='gateway', weight=1.0, clusterName='DEFAULT', group='DEFAULT_GROUP', namingLoadCacheAtStart='false', metadata={preserved.register.source=SPRING_CLOUD}, registerEnabled=true, ip='192.168.212.91', networkInterface='', port=8080, secure=false, accessKey='', secretKey='', heartBeatInterval=null, heartBeatTimeout=null, ipDeleteTimeout=null, instanceEnabled=true, ephemeral=true, failureToleranceEnabled=false}, ipDeleteTimeout=null, failFast=true}},

com.alibaba.nacos.api.exception.NacosException: Request nacos server failed: 
	at com.alibaba.nacos.client.naming.remote.gprc.NamingGrpcClientProxy.requestToServer(NamingGrpcClientProxy.java:290) ~[nacos-client-2.0.4.jar:na]
	at com.alibaba.nacos.client.naming.remote.gprc.NamingGrpcClientProxy.doRegisterService(NamingGrpcClientProxy.java:129) ~[nacos-client-2.0.4.jar:na]
	at com.alibaba.nacos.client.naming.remote.gprc.NamingGrpcClientProxy.registerService(NamingGrpcClientProxy.java:115) ~[nacos-client-2.0.4.jar:na]
	at com.alibaba.nacos.client.naming.remote.NamingClientProxyDelegate.registerService(NamingClientProxyDelegate.java:94) ~[nacos-client-2.0.4.jar:na]
	at com.alibaba.nacos.client.naming.NacosNamingService.registerInstance(NacosNamingService.java:145) ~[nacos-client-2.0.4.jar:na]
	at com.alibaba.cloud.nacos.registry.NacosServiceRegistry.register(NacosServiceRegistry.java:74) ~[spring-cloud-starter-alibaba-nacos-discovery-2021.0.4.0.jar:2021.0.4.0]
	at org.springframework.cloud.client.serviceregistry.AbstractAutoServiceRegistration.register(AbstractAutoServiceRegistration.java:232) ~[spring-cloud-commons-3.1.3.jar:3.1.3]
	at com.alibaba.cloud.nacos.registry.NacosAutoServiceRegistration.register(NacosAutoServiceRegistration.java:78) ~[spring-cloud-starter-alibaba-nacos-discovery-2021.0.4.0.jar:2021.0.4.0]
	at org.springframework.cloud.client.serviceregistry.AbstractAutoServiceRegistration.start(AbstractAutoServiceRegistration.java:133) ~[spring-cloud-commons-3.1.3.jar:3.1.3]
	at org.springframework.cloud.client.serviceregistry.AbstractAutoServiceRegistration.bind(AbstractAutoServiceRegistration.java:98) ~[spring-cloud-commons-3.1.3.jar:3.1.3]
	at org.springframework.cloud.client.serviceregistry.AbstractAutoServiceRegistration.onApplicationEvent(AbstractAutoServiceRegistration.java:86) ~[spring-cloud-commons-3.1.3.jar:3.1.3]
	at org.springframework.cloud.client.serviceregistry.AbstractAutoServiceRegistration.onApplicationEvent(AbstractAutoServiceRegistration.java:47) ~[spring-cloud-commons-3.1.3.jar:3.1.3]
	at org.springframework.context.event.SimpleApplicationEventMulticaster.doInvokeListener(SimpleApplicationEventMulticaster.java:176) ~[spring-context-5.3.27.jar:5.3.27]
	at org.springframework.context.event.SimpleApplicationEventMulticaster.invokeListener(SimpleApplicationEventMulticaster.java:169) ~[spring-context-5.3.27.jar:5.3.27]
	at org.springframework.context.event.SimpleApplicationEventMulticaster.multicastEvent(SimpleApplicationEventMulticaster.java:143) ~[spring-context-5.3.27.jar:5.3.27]
	at org.springframework.context.support.AbstractApplicationContext.publishEvent(AbstractApplicationContext.java:421) ~[spring-context-5.3.27.jar:5.3.27]
	at org.springframework.context.support.AbstractApplicationContext.publishEvent(AbstractApplicationContext.java:378) ~[spring-context-5.3.27.jar:5.3.27]
	at org.springframework.boot.web.reactive.context.WebServerManager.start(WebServerManager.java:57) ~[spring-boot-2.7.12.jar:2.7.12]
	at org.springframework.boot.web.reactive.context.WebServerStartStopLifecycle.start(WebServerStartStopLifecycle.java:40) ~[spring-boot-2.7.12.jar:2.7.12]
	at org.springframework.context.support.DefaultLifecycleProcessor.doStart(DefaultLifecycleProcessor.java:178) ~[spring-context-5.3.27.jar:5.3.27]
	at org.springframework.context.support.DefaultLifecycleProcessor.access$200(DefaultLifecycleProcessor.java:54) ~[spring-context-5.3.27.jar:5.3.27]
	at org.springframework.context.support.DefaultLifecycleProcessor$LifecycleGroup.start(DefaultLifecycleProcessor.java:356) ~[spring-context-5.3.27.jar:5.3.27]
	at java.base/java.lang.Iterable.forEach(Iterable.java:75) ~[na:na]
	at org.springframework.context.support.DefaultLifecycleProcessor.startBeans(DefaultLifecycleProcessor.java:155) ~[spring-context-5.3.27.jar:5.3.27]
	at org.springframework.context.support.DefaultLifecycleProcessor.onRefresh(DefaultLifecycleProcessor.java:123) ~[spring-context-5.3.27.jar:5.3.27]
	at org.springframework.context.support.AbstractApplicationContext.finishRefresh(AbstractApplicationContext.java:937) ~[spring-context-5.3.27.jar:5.3.27]
	at org.springframework.context.support.AbstractApplicationContext.refresh(AbstractApplicationContext.java:586) ~[spring-context-5.3.27.jar:5.3.27]
	at org.springframework.boot.web.reactive.context.ReactiveWebServerApplicationContext.refresh(ReactiveWebServerApplicationContext.java:66) ~[spring-boot-2.7.12.jar:2.7.12]
	at org.springframework.boot.SpringApplication.refresh(SpringApplication.java:731) ~[spring-boot-2.7.12.jar:2.7.12]
	at org.springframework.boot.SpringApplication.refreshContext(SpringApplication.java:408) ~[spring-boot-2.7.12.jar:2.7.12]
	at org.springframework.boot.SpringApplication.run(SpringApplication.java:307) ~[spring-boot-2.7.12.jar:2.7.12]
	at org.springframework.boot.SpringApplication.run(SpringApplication.java:1303) ~[spring-boot-2.7.12.jar:2.7.12]
	at org.springframework.boot.SpringApplication.run(SpringApplication.java:1292) ~[spring-boot-2.7.12.jar:2.7.12]
	at com.hmall.gateway.GatewayApplication.main(GatewayApplication.java:9) ~[classes/:na]
Caused by: com.alibaba.nacos.api.exception.NacosException: Client not connected, current status:STARTING
	at com.alibaba.nacos.common.remote.client.RpcClient.request(RpcClient.java:650) ~[nacos-client-2.0.4.jar:na]
	at com.alibaba.nacos.common.remote.client.RpcClient.request(RpcClient.java:630) ~[nacos-client-2.0.4.jar:na]
	at com.alibaba.nacos.client.naming.remote.gprc.NamingGrpcClientProxy.requestToServer(NamingGrpcClientProxy.java:280) ~[nacos-client-2.0.4.jar:na]
	... 33 common frames omitted

01:20:26:111  WARN 19036 --- [main] onfigReactiveWebServerApplicationContext : Exception encountered during context initialization - cancelling refresh attempt: org.springframework.context.ApplicationContextException: Failed to start bean 'webServerStartStop'; nested exception is java.lang.reflect.UndeclaredThrowableException
01:20:26:155 ERROR 19036 --- [com.alibaba.nacos.client.naming.updater.0] com.alibaba.nacos.common.remote.client   : Send request fail, request = ServiceQueryRequest{headers={app=unknown}, requestId='null'}, retryTimes = 2, errorMessage = Client not connected, current status:STARTING
01:20:26:769  INFO 19036 --- [main] com.alibaba.nacos.common.remote.client   : Shutdown rpc client, set status to shutdown
01:20:26:769  INFO 19036 --- [main] com.alibaba.nacos.common.remote.client   : Shutdown client event executor java.util.concurrent.ScheduledThreadPoolExecutor@4c000cc4[Running, pool size = 2, active threads = 2, queued tasks = 0, completed tasks = 0]
01:20:26:769  INFO 19036 --- [main] c.a.n.c.remote.client.grpc.GrpcClient    : Shutdown grpc executor java.util.concurrent.ThreadPoolExecutor@6c36051c[Running, pool size = 6, active threads = 0, queued tasks = 0, completed tasks = 6]
01:20:26:769 ERROR 19036 --- [com.alibaba.nacos.client.remote.worker] c.a.n.c.remote.client.grpc.GrpcClient    : Server check fail, please check server 110.41.61.31 ,port 9848 is available , error ={}

java.lang.InterruptedException: null
	at com.alibaba.nacos.shaded.com.google.common.util.concurrent.AbstractFuture.get(AbstractFuture.java:438) ~[nacos-client-2.0.4.jar:na]
	at com.alibaba.nacos.common.remote.client.grpc.GrpcClient.serverCheck(GrpcClient.java:148) ~[nacos-client-2.0.4.jar:na]
	at com.alibaba.nacos.common.remote.client.grpc.GrpcClient.connectToServer(GrpcClient.java:264) ~[nacos-client-2.0.4.jar:na]
	at com.alibaba.nacos.common.remote.client.RpcClient.reconnect(RpcClient.java:522) ~[nacos-client-2.0.4.jar:na]
	at com.alibaba.nacos.common.remote.client.RpcClient.lambda$start$2(RpcClient.java:370) ~[nacos-client-2.0.4.jar:na]
	at java.base/java.util.concurrent.Executors$RunnableAdapter.call(Executors.java:515) ~[na:na]
	at java.base/java.util.concurrent.FutureTask.run(FutureTask.java:264) ~[na:na]
	at java.base/java.util.concurrent.ScheduledThreadPoolExecutor$ScheduledFutureTask.run(ScheduledThreadPoolExecutor.java:304) ~[na:na]
	at java.base/java.util.concurrent.ThreadPoolExecutor.runWorker(ThreadPoolExecutor.java:1128) ~[na:na]
	at java.base/java.util.concurrent.ThreadPoolExecutor$Worker.run(ThreadPoolExecutor.java:628) ~[na:na]
	at java.base/java.lang.Thread.run(Thread.java:834) ~[na:na]

01:20:26:770 ERROR 19036 --- [com.alibaba.nacos.client.remote.worker] c.a.n.c.remote.client.grpc.GrpcClient    : [5318e13d-8188-4b12-bcff-3805e7a19004]Fail to connect to server!,error={}

java.util.concurrent.RejectedExecutionException: Task com.alibaba.nacos.shaded.io.grpc.internal.SerializingExecutor@7c3c520b rejected from java.util.concurrent.ThreadPoolExecutor@6c36051c[Terminated, pool size = 0, active threads = 0, queued tasks = 0, completed tasks = 6]
	at java.base/java.util.concurrent.ThreadPoolExecutor$AbortPolicy.rejectedExecution(ThreadPoolExecutor.java:2055) ~[na:na]
	at java.base/java.util.concurrent.ThreadPoolExecutor.reject(ThreadPoolExecutor.java:825) ~[na:na]
	at java.base/java.util.concurrent.ThreadPoolExecutor.execute(ThreadPoolExecutor.java:1355) ~[na:na]
	at com.alibaba.nacos.shaded.io.grpc.internal.SerializingExecutor.schedule(SerializingExecutor.java:93) ~[nacos-client-2.0.4.jar:na]
	at com.alibaba.nacos.shaded.io.grpc.internal.SerializingExecutor.execute(SerializingExecutor.java:86) ~[nacos-client-2.0.4.jar:na]
	at com.alibaba.nacos.shaded.io.grpc.internal.ClientCallImpl$ClientStreamListenerImpl.closedInternal(ClientCallImpl.java:696) ~[nacos-client-2.0.4.jar:na]
	at com.alibaba.nacos.shaded.io.grpc.internal.ClientCallImpl$ClientStreamListenerImpl.closed(ClientCallImpl.java:646) ~[nacos-client-2.0.4.jar:na]
	at com.alibaba.nacos.shaded.io.grpc.internal.ClientCallImpl$ClientStreamListenerImpl.closed(ClientCallImpl.java:639) ~[nacos-client-2.0.4.jar:na]
	at com.alibaba.nacos.shaded.io.grpc.internal.DelayedStream.cancel(DelayedStream.java:302) ~[nacos-client-2.0.4.jar:na]
	at com.alibaba.nacos.shaded.io.grpc.internal.DelayedClientTransport$PendingStream.cancel(DelayedClientTransport.java:363) ~[nacos-client-2.0.4.jar:na]
	at com.alibaba.nacos.shaded.io.grpc.internal.DelayedClientTransport.shutdownNow(DelayedClientTransport.java:241) ~[nacos-client-2.0.4.jar:na]
	at com.alibaba.nacos.shaded.io.grpc.internal.ManagedChannelImpl$UncommittedRetriableStreamsRegistry.onShutdownNow(ManagedChannelImpl.java:1021) ~[nacos-client-2.0.4.jar:na]
	at com.alibaba.nacos.shaded.io.grpc.internal.ManagedChannelImpl.shutdownNow(ManagedChannelImpl.java:752) ~[nacos-client-2.0.4.jar:na]
	at com.alibaba.nacos.shaded.io.grpc.internal.ManagedChannelImpl.shutdownNow(ManagedChannelImpl.java:105) ~[nacos-client-2.0.4.jar:na]
	at com.alibaba.nacos.shaded.io.grpc.internal.ForwardingManagedChannel.shutdownNow(ForwardingManagedChannel.java:52) ~[nacos-client-2.0.4.jar:na]
	at com.alibaba.nacos.shaded.io.grpc.internal.ManagedChannelOrphanWrapper.shutdownNow(ManagedChannelOrphanWrapper.java:66) ~[nacos-client-2.0.4.jar:na]
	at com.alibaba.nacos.common.remote.client.grpc.GrpcClient.shuntDownChannel(GrpcClient.java:130) ~[nacos-client-2.0.4.jar:na]
	at com.alibaba.nacos.common.remote.client.grpc.GrpcClient.connectToServer(GrpcClient.java:266) ~[nacos-client-2.0.4.jar:na]
	at com.alibaba.nacos.common.remote.client.RpcClient.reconnect(RpcClient.java:522) ~[nacos-client-2.0.4.jar:na]
	at com.alibaba.nacos.common.remote.client.RpcClient.lambda$start$2(RpcClient.java:370) ~[nacos-client-2.0.4.jar:na]
	at java.base/java.util.concurrent.Executors$RunnableAdapter.call(Executors.java:515) ~[na:na]
	at java.base/java.util.concurrent.FutureTask.run(FutureTask.java:264) ~[na:na]
	at java.base/java.util.concurrent.ScheduledThreadPoolExecutor$ScheduledFutureTask.run(ScheduledThreadPoolExecutor.java:304) ~[na:na]
	at java.base/java.util.concurrent.ThreadPoolExecutor.runWorker(ThreadPoolExecutor.java:1128) ~[na:na]
	at java.base/java.util.concurrent.ThreadPoolExecutor$Worker.run(ThreadPoolExecutor.java:628) ~[na:na]
	at java.base/java.lang.Thread.run(Thread.java:834) ~[na:na]

01:20:26:771  INFO 19036 --- [main] com.alibaba.nacos.common.remote.client   : [RpcClientFactory] create a new rpc client of 146b3fcb-1163-4a1d-8766-f280c817d7b2
01:20:26:771  INFO 19036 --- [main] com.alibaba.nacos.common.remote.client   : [146b3fcb-1163-4a1d-8766-f280c817d7b2] RpcClient init label, labels = {module=naming, source=sdk}
01:20:26:772  INFO 19036 --- [main] com.alibaba.nacos.common.remote.client   : [146b3fcb-1163-4a1d-8766-f280c817d7b2] RpcClient init, ServerListFactory = com.alibaba.nacos.client.naming.core.ServerListManager
01:20:26:772  INFO 19036 --- [main] com.alibaba.nacos.common.remote.client   : [146b3fcb-1163-4a1d-8766-f280c817d7b2] Registry connection listener to current client:com.alibaba.nacos.client.naming.remote.gprc.redo.NamingGrpcRedoService
01:20:26:773  INFO 19036 --- [main] com.alibaba.nacos.common.remote.client   : [146b3fcb-1163-4a1d-8766-f280c817d7b2] Register server push request handler:com.alibaba.nacos.client.naming.remote.gprc.NamingPushRequestHandler
01:20:26:773  INFO 19036 --- [main] com.alibaba.nacos.common.remote.client   : [146b3fcb-1163-4a1d-8766-f280c817d7b2] Try to connect to server on start up, server: {serverIp = '110.41.61.31', server main port = 8848}
01:20:26:877  INFO 19036 --- [com.alibaba.nacos.client.remote.worker] com.alibaba.nacos.common.remote.client   : [5318e13d-8188-4b12-bcff-3805e7a19004] Client is shutdown, stop reconnect to server
01:20:26:891 ERROR 19036 --- [com.alibaba.nacos.client.remote.worker] c.a.n.c.remote.client.grpc.GrpcClient    : Server check fail, please check server 110.41.61.31 ,port 9848 is available , error ={}

java.util.concurrent.ExecutionException: com.alibaba.nacos.shaded.io.grpc.StatusRuntimeException: UNAVAILABLE: io exception
	at com.alibaba.nacos.shaded.com.google.common.util.concurrent.AbstractFuture.getDoneValue(AbstractFuture.java:566) ~[nacos-client-2.0.4.jar:na]
	at com.alibaba.nacos.shaded.com.google.common.util.concurrent.AbstractFuture.get(AbstractFuture.java:445) ~[nacos-client-2.0.4.jar:na]
	at com.alibaba.nacos.common.remote.client.grpc.GrpcClient.serverCheck(GrpcClient.java:148) ~[nacos-client-2.0.4.jar:na]
	at com.alibaba.nacos.common.remote.client.grpc.GrpcClient.connectToServer(GrpcClient.java:264) ~[nacos-client-2.0.4.jar:na]
	at com.alibaba.nacos.common.remote.client.RpcClient.reconnect(RpcClient.java:522) ~[nacos-client-2.0.4.jar:na]
	at com.alibaba.nacos.common.remote.client.RpcClient.lambda$start$2(RpcClient.java:370) ~[nacos-client-2.0.4.jar:na]
	at java.base/java.util.concurrent.Executors$RunnableAdapter.call(Executors.java:515) ~[na:na]
	at java.base/java.util.concurrent.FutureTask.run(FutureTask.java:264) ~[na:na]
	at java.base/java.util.concurrent.ScheduledThreadPoolExecutor$ScheduledFutureTask.run(ScheduledThreadPoolExecutor.java:304) ~[na:na]
	at java.base/java.util.concurrent.ThreadPoolExecutor.runWorker(ThreadPoolExecutor.java:1128) ~[na:na]
	at java.base/java.util.concurrent.ThreadPoolExecutor$Worker.run(ThreadPoolExecutor.java:628) ~[na:na]
	at java.base/java.lang.Thread.run(Thread.java:834) ~[na:na]
Caused by: com.alibaba.nacos.shaded.io.grpc.StatusRuntimeException: UNAVAILABLE: io exception
	at com.alibaba.nacos.shaded.io.grpc.Status.asRuntimeException(Status.java:533) ~[nacos-client-2.0.4.jar:na]
	at com.alibaba.nacos.shaded.io.grpc.stub.ClientCalls$UnaryStreamToFuture.onClose(ClientCalls.java:490) ~[nacos-client-2.0.4.jar:na]
	at com.alibaba.nacos.shaded.io.grpc.PartialForwardingClientCallListener.onClose(PartialForwardingClientCallListener.java:39) ~[nacos-client-2.0.4.jar:na]
	at com.alibaba.nacos.shaded.io.grpc.ForwardingClientCallListener.onClose(ForwardingClientCallListener.java:23) ~[nacos-client-2.0.4.jar:na]
	at com.alibaba.nacos.shaded.io.grpc.ForwardingClientCallListener$SimpleForwardingClientCallListener.onClose(ForwardingClientCallListener.java:40) ~[nacos-client-2.0.4.jar:na]
	at com.alibaba.nacos.shaded.io.grpc.internal.CensusStatsModule$StatsClientInterceptor$1$1.onClose(CensusStatsModule.java:700) ~[nacos-client-2.0.4.jar:na]
	at com.alibaba.nacos.shaded.io.grpc.PartialForwardingClientCallListener.onClose(PartialForwardingClientCallListener.java:39) ~[nacos-client-2.0.4.jar:na]
	at com.alibaba.nacos.shaded.io.grpc.ForwardingClientCallListener.onClose(ForwardingClientCallListener.java:23) ~[nacos-client-2.0.4.jar:na]
	at com.alibaba.nacos.shaded.io.grpc.ForwardingClientCallListener$SimpleForwardingClientCallListener.onClose(ForwardingClientCallListener.java:40) ~[nacos-client-2.0.4.jar:na]
	at com.alibaba.nacos.shaded.io.grpc.internal.CensusTracingModule$TracingClientInterceptor$1$1.onClose(CensusTracingModule.java:399) ~[nacos-client-2.0.4.jar:na]
	at com.alibaba.nacos.shaded.io.grpc.internal.ClientCallImpl.closeObserver(ClientCallImpl.java:510) ~[nacos-client-2.0.4.jar:na]
	at com.alibaba.nacos.shaded.io.grpc.internal.ClientCallImpl.access$300(ClientCallImpl.java:66) ~[nacos-client-2.0.4.jar:na]
	at com.alibaba.nacos.shaded.io.grpc.internal.ClientCallImpl$ClientStreamListenerImpl.close(ClientCallImpl.java:630) ~[nacos-client-2.0.4.jar:na]
	at com.alibaba.nacos.shaded.io.grpc.internal.ClientCallImpl$ClientStreamListenerImpl.access$700(ClientCallImpl.java:518) ~[nacos-client-2.0.4.jar:na]
	at com.alibaba.nacos.shaded.io.grpc.internal.ClientCallImpl$ClientStreamListenerImpl$1StreamClosed.runInternal(ClientCallImpl.java:692) ~[nacos-client-2.0.4.jar:na]
	at com.alibaba.nacos.shaded.io.grpc.internal.ClientCallImpl$ClientStreamListenerImpl$1StreamClosed.runInContext(ClientCallImpl.java:681) ~[nacos-client-2.0.4.jar:na]
	at com.alibaba.nacos.shaded.io.grpc.internal.ContextRunnable.run(ContextRunnable.java:37) ~[nacos-client-2.0.4.jar:na]
	at com.alibaba.nacos.shaded.io.grpc.internal.SerializingExecutor.run(SerializingExecutor.java:123) ~[nacos-client-2.0.4.jar:na]
	... 3 common frames omitted
Caused by: com.alibaba.nacos.shaded.io.grpc.netty.shaded.io.netty.channel.AbstractChannel$AnnotatedConnectException: Connection refused: no further information: /110.41.61.31:9848
Caused by: java.net.ConnectException: Connection refused: no further information
	at java.base/sun.nio.ch.SocketChannelImpl.checkConnect(Native Method) ~[na:na]
	at java.base/sun.nio.ch.SocketChannelImpl.finishConnect(SocketChannelImpl.java:779) ~[na:na]
	at com.alibaba.nacos.shaded.io.grpc.netty.shaded.io.netty.channel.socket.nio.NioSocketChannel.doFinishConnect(NioSocketChannel.java:327) ~[nacos-client-2.0.4.jar:na]
	at com.alibaba.nacos.shaded.io.grpc.netty.shaded.io.netty.channel.nio.AbstractNioChannel$AbstractNioUnsafe.finishConnect(AbstractNioChannel.java:336) ~[nacos-client-2.0.4.jar:na]
	at com.alibaba.nacos.shaded.io.grpc.netty.shaded.io.netty.channel.nio.NioEventLoop.processSelectedKey(NioEventLoop.java:685) ~[nacos-client-2.0.4.jar:na]
	at com.alibaba.nacos.shaded.io.grpc.netty.shaded.io.netty.channel.nio.NioEventLoop.processSelectedKeysOptimized(NioEventLoop.java:632) ~[nacos-client-2.0.4.jar:na]
	at com.alibaba.nacos.shaded.io.grpc.netty.shaded.io.netty.channel.nio.NioEventLoop.processSelectedKeys(NioEventLoop.java:549) ~[nacos-client-2.0.4.jar:na]
	at com.alibaba.nacos.shaded.io.grpc.netty.shaded.io.netty.channel.nio.NioEventLoop.run(NioEventLoop.java:511) ~[nacos-client-2.0.4.jar:na]
	at com.alibaba.nacos.shaded.io.grpc.netty.shaded.io.netty.util.concurrent.SingleThreadEventExecutor$5.run(SingleThreadEventExecutor.java:918) ~[nacos-client-2.0.4.jar:na]
	at com.alibaba.nacos.shaded.io.grpc.netty.shaded.io.netty.util.internal.ThreadExecutorMap$2.run(ThreadExecutorMap.java:74) ~[nacos-client-2.0.4.jar:na]
	at com.alibaba.nacos.shaded.io.grpc.netty.shaded.io.netty.util.concurrent.FastThreadLocalRunnable.run(FastThreadLocalRunnable.java:30) ~[nacos-client-2.0.4.jar:na]
	at java.base/java.lang.Thread.run(Thread.java:834) ~[na:na]

01:20:26:891  INFO 19036 --- [com.alibaba.nacos.client.remote.worker] com.alibaba.nacos.common.remote.client   : [b816233e-8d21-4aad-ad8d-6f567dca7f1d_config-0] Fail to connect server, after trying 4 times, last try server is {serverIp = '110.41.61.31', server main port = 8848}, error = unknown
01:20:27:381 ERROR 19036 --- [com.alibaba.nacos.client.Worker] com.alibaba.nacos.common.remote.client   : Send request fail, request = ConfigBatchListenRequest{headers={charset=UTF-8, Client-AppName=unknown, Client-RequestToken=033795271361d221d98685ce33c04ef7, Client-RequestTS=1764609627270, exConfigInfo=true, Timestamp=1764609627270}, requestId='null'}, retryTimes = 0, errorMessage = Client not connected, current status:STARTING
01:20:27:490 ERROR 19036 --- [com.alibaba.nacos.client.Worker] com.alibaba.nacos.common.remote.client   : Send request fail, request = ConfigBatchListenRequest{headers={charset=UTF-8, Client-AppName=unknown, Client-RequestToken=033795271361d221d98685ce33c04ef7, Client-RequestTS=1764609627270, exConfigInfo=true, Timestamp=1764609627270}, requestId='null'}, retryTimes = 1, errorMessage = Client not connected, current status:STARTING
01:20:27:602 ERROR 19036 --- [com.alibaba.nacos.client.Worker] com.alibaba.nacos.common.remote.client   : Send request fail, request = ConfigBatchListenRequest{headers={charset=UTF-8, Client-AppName=unknown, Client-RequestToken=033795271361d221d98685ce33c04ef7, Client-RequestTS=1764609627270, exConfigInfo=true, Timestamp=1764609627270}, requestId='null'}, retryTimes = 2, errorMessage = Client not connected, current status:STARTING
01:20:29:175 ERROR 19036 --- [main] c.a.n.c.remote.client.grpc.GrpcClient    : Server check fail, please check server 110.41.61.31 ,port 9848 is available , error ={}

java.util.concurrent.ExecutionException: com.alibaba.nacos.shaded.io.grpc.StatusRuntimeException: UNAVAILABLE: io exception
	at com.alibaba.nacos.shaded.com.google.common.util.concurrent.AbstractFuture.getDoneValue(AbstractFuture.java:566) ~[nacos-client-2.0.4.jar:na]
	at com.alibaba.nacos.shaded.com.google.common.util.concurrent.AbstractFuture.get(AbstractFuture.java:445) ~[nacos-client-2.0.4.jar:na]
	at com.alibaba.nacos.common.remote.client.grpc.GrpcClient.serverCheck(GrpcClient.java:148) ~[nacos-client-2.0.4.jar:na]
	at com.alibaba.nacos.common.remote.client.grpc.GrpcClient.connectToServer(GrpcClient.java:264) ~[nacos-client-2.0.4.jar:na]
	at com.alibaba.nacos.common.remote.client.RpcClient.start(RpcClient.java:390) ~[nacos-client-2.0.4.jar:na]
	at com.alibaba.nacos.client.naming.remote.gprc.NamingGrpcClientProxy.start(NamingGrpcClientProxy.java:96) ~[nacos-client-2.0.4.jar:na]
	at com.alibaba.nacos.client.naming.remote.gprc.NamingGrpcClientProxy.<init>(NamingGrpcClientProxy.java:89) ~[nacos-client-2.0.4.jar:na]
	at com.alibaba.nacos.client.naming.remote.NamingClientProxyDelegate.<init>(NamingClientProxyDelegate.java:76) ~[nacos-client-2.0.4.jar:na]
	at com.alibaba.nacos.client.naming.NacosNamingService.init(NacosNamingService.java:95) ~[nacos-client-2.0.4.jar:na]
	at com.alibaba.nacos.client.naming.NacosNamingService.<init>(NacosNamingService.java:81) ~[nacos-client-2.0.4.jar:na]
	at java.base/jdk.internal.reflect.NativeConstructorAccessorImpl.newInstance0(Native Method) ~[na:na]
	at java.base/jdk.internal.reflect.NativeConstructorAccessorImpl.newInstance(NativeConstructorAccessorImpl.java:62) ~[na:na]
	at java.base/jdk.internal.reflect.DelegatingConstructorAccessorImpl.newInstance(DelegatingConstructorAccessorImpl.java:45) ~[na:na]
	at java.base/java.lang.reflect.Constructor.newInstance(Constructor.java:490) ~[na:na]
	at com.alibaba.nacos.api.naming.NamingFactory.createNamingService(NamingFactory.java:59) ~[nacos-client-2.0.4.jar:na]
	at com.alibaba.nacos.api.NacosFactory.createNamingService(NacosFactory.java:77) ~[nacos-client-2.0.4.jar:na]
	at com.alibaba.cloud.nacos.NacosServiceManager.createNewNamingService(NacosServiceManager.java:99) ~[spring-cloud-starter-alibaba-nacos-discovery-2021.0.4.0.jar:2021.0.4.0]
	at com.alibaba.cloud.nacos.NacosServiceManager.buildNamingService(NacosServiceManager.java:90) ~[spring-cloud-starter-alibaba-nacos-discovery-2021.0.4.0.jar:2021.0.4.0]
	at com.alibaba.cloud.nacos.NacosServiceManager.getNamingService(NacosServiceManager.java:46) ~[spring-cloud-starter-alibaba-nacos-discovery-2021.0.4.0.jar:2021.0.4.0]
	at com.alibaba.cloud.nacos.discovery.NacosWatch.stop(NacosWatch.java:173) ~[spring-cloud-starter-alibaba-nacos-discovery-2021.0.4.0.jar:2021.0.4.0]
	at com.alibaba.cloud.nacos.discovery.NacosWatch.destroy(NacosWatch.java:204) ~[spring-cloud-starter-alibaba-nacos-discovery-2021.0.4.0.jar:2021.0.4.0]
	at org.springframework.beans.factory.support.DisposableBeanAdapter.destroy(DisposableBeanAdapter.java:213) ~[spring-beans-5.3.27.jar:5.3.27]
	at org.springframework.beans.factory.support.DefaultSingletonBeanRegistry.destroyBean(DefaultSingletonBeanRegistry.java:587) ~[spring-beans-5.3.27.jar:5.3.27]
	at org.springframework.beans.factory.support.DefaultSingletonBeanRegistry.destroySingleton(DefaultSingletonBeanRegistry.java:559) ~[spring-beans-5.3.27.jar:5.3.27]
	at org.springframework.beans.factory.support.DefaultListableBeanFactory.destroySingleton(DefaultListableBeanFactory.java:1163) ~[spring-beans-5.3.27.jar:5.3.27]
	at org.springframework.beans.factory.support.DefaultSingletonBeanRegistry.destroySingletons(DefaultSingletonBeanRegistry.java:520) ~[spring-beans-5.3.27.jar:5.3.27]
	at org.springframework.beans.factory.support.DefaultListableBeanFactory.destroySingletons(DefaultListableBeanFactory.java:1156) ~[spring-beans-5.3.27.jar:5.3.27]
	at org.springframework.context.support.AbstractApplicationContext.destroyBeans(AbstractApplicationContext.java:1108) ~[spring-context-5.3.27.jar:5.3.27]
	at org.springframework.context.support.AbstractApplicationContext.refresh(AbstractApplicationContext.java:596) ~[spring-context-5.3.27.jar:5.3.27]
	at org.springframework.boot.web.reactive.context.ReactiveWebServerApplicationContext.refresh(ReactiveWebServerApplicationContext.java:66) ~[spring-boot-2.7.12.jar:2.7.12]
	at org.springframework.boot.SpringApplication.refresh(SpringApplication.java:731) ~[spring-boot-2.7.12.jar:2.7.12]
	at org.springframework.boot.SpringApplication.refreshContext(SpringApplication.java:408) ~[spring-boot-2.7.12.jar:2.7.12]
	at org.springframework.boot.SpringApplication.run(SpringApplication.java:307) ~[spring-boot-2.7.12.jar:2.7.12]
	at org.springframework.boot.SpringApplication.run(SpringApplication.java:1303) ~[spring-boot-2.7.12.jar:2.7.12]
	at org.springframework.boot.SpringApplication.run(SpringApplication.java:1292) ~[spring-boot-2.7.12.jar:2.7.12]
	at com.hmall.gateway.GatewayApplication.main(GatewayApplication.java:9) ~[classes/:na]
Caused by: com.alibaba.nacos.shaded.io.grpc.StatusRuntimeException: UNAVAILABLE: io exception
	at com.alibaba.nacos.shaded.io.grpc.Status.asRuntimeException(Status.java:533) ~[nacos-client-2.0.4.jar:na]
	at com.alibaba.nacos.shaded.io.grpc.stub.ClientCalls$UnaryStreamToFuture.onClose(ClientCalls.java:490) ~[nacos-client-2.0.4.jar:na]
	at com.alibaba.nacos.shaded.io.grpc.PartialForwardingClientCallListener.onClose(PartialForwardingClientCallListener.java:39) ~[nacos-client-2.0.4.jar:na]
	at com.alibaba.nacos.shaded.io.grpc.ForwardingClientCallListener.onClose(ForwardingClientCallListener.java:23) ~[nacos-client-2.0.4.jar:na]
	at com.alibaba.nacos.shaded.io.grpc.ForwardingClientCallListener$SimpleForwardingClientCallListener.onClose(ForwardingClientCallListener.java:40) ~[nacos-client-2.0.4.jar:na]
	at com.alibaba.nacos.shaded.io.grpc.internal.CensusStatsModule$StatsClientInterceptor$1$1.onClose(CensusStatsModule.java:700) ~[nacos-client-2.0.4.jar:na]
	at com.alibaba.nacos.shaded.io.grpc.PartialForwardingClientCallListener.onClose(PartialForwardingClientCallListener.java:39) ~[nacos-client-2.0.4.jar:na]
	at com.alibaba.nacos.shaded.io.grpc.ForwardingClientCallListener.onClose(ForwardingClientCallListener.java:23) ~[nacos-client-2.0.4.jar:na]
	at com.alibaba.nacos.shaded.io.grpc.ForwardingClientCallListener$SimpleForwardingClientCallListener.onClose(ForwardingClientCallListener.java:40) ~[nacos-client-2.0.4.jar:na]
	at com.alibaba.nacos.shaded.io.grpc.internal.CensusTracingModule$TracingClientInterceptor$1$1.onClose(CensusTracingModule.java:399) ~[nacos-client-2.0.4.jar:na]
	at com.alibaba.nacos.shaded.io.grpc.internal.ClientCallImpl.closeObserver(ClientCallImpl.java:510) ~[nacos-client-2.0.4.jar:na]
	at com.alibaba.nacos.shaded.io.grpc.internal.ClientCallImpl.access$300(ClientCallImpl.java:66) ~[nacos-client-2.0.4.jar:na]
	at com.alibaba.nacos.shaded.io.grpc.internal.ClientCallImpl$ClientStreamListenerImpl.close(ClientCallImpl.java:630) ~[nacos-client-2.0.4.jar:na]
	at com.alibaba.nacos.shaded.io.grpc.internal.ClientCallImpl$ClientStreamListenerImpl.access$700(ClientCallImpl.java:518) ~[nacos-client-2.0.4.jar:na]
	at com.alibaba.nacos.shaded.io.grpc.internal.ClientCallImpl$ClientStreamListenerImpl$1StreamClosed.runInternal(ClientCallImpl.java:692) ~[nacos-client-2.0.4.jar:na]
	at com.alibaba.nacos.shaded.io.grpc.internal.ClientCallImpl$ClientStreamListenerImpl$1StreamClosed.runInContext(ClientCallImpl.java:681) ~[nacos-client-2.0.4.jar:na]
	at com.alibaba.nacos.shaded.io.grpc.internal.ContextRunnable.run(ContextRunnable.java:37) ~[nacos-client-2.0.4.jar:na]
	at com.alibaba.nacos.shaded.io.grpc.internal.SerializingExecutor.run(SerializingExecutor.java:123) ~[nacos-client-2.0.4.jar:na]
	at java.base/java.util.concurrent.ThreadPoolExecutor.runWorker(ThreadPoolExecutor.java:1128) ~[na:na]
	at java.base/java.util.concurrent.ThreadPoolExecutor$Worker.run(ThreadPoolExecutor.java:628) ~[na:na]
	at java.base/java.lang.Thread.run(Thread.java:834) ~[na:na]
Caused by: com.alibaba.nacos.shaded.io.grpc.netty.shaded.io.netty.channel.AbstractChannel$AnnotatedConnectException: Connection refused: no further information: /110.41.61.31:9848
Caused by: java.net.ConnectException: Connection refused: no further information
	at java.base/sun.nio.ch.SocketChannelImpl.checkConnect(Native Method) ~[na:na]
	at java.base/sun.nio.ch.SocketChannelImpl.finishConnect(SocketChannelImpl.java:779) ~[na:na]
	at com.alibaba.nacos.shaded.io.grpc.netty.shaded.io.netty.channel.socket.nio.NioSocketChannel.doFinishConnect(NioSocketChannel.java:327) ~[nacos-client-2.0.4.jar:na]
	at com.alibaba.nacos.shaded.io.grpc.netty.shaded.io.netty.channel.nio.AbstractNioChannel$AbstractNioUnsafe.finishConnect(AbstractNioChannel.java:336) ~[nacos-client-2.0.4.jar:na]
	at com.alibaba.nacos.shaded.io.grpc.netty.shaded.io.netty.channel.nio.NioEventLoop.processSelectedKey(NioEventLoop.java:685) ~[nacos-client-2.0.4.jar:na]
	at com.alibaba.nacos.shaded.io.grpc.netty.shaded.io.netty.channel.nio.NioEventLoop.processSelectedKeysOptimized(NioEventLoop.java:632) ~[nacos-client-2.0.4.jar:na]
	at com.alibaba.nacos.shaded.io.grpc.netty.shaded.io.netty.channel.nio.NioEventLoop.processSelectedKeys(NioEventLoop.java:549) ~[nacos-client-2.0.4.jar:na]
	at com.alibaba.nacos.shaded.io.grpc.netty.shaded.io.netty.channel.nio.NioEventLoop.run(NioEventLoop.java:511) ~[nacos-client-2.0.4.jar:na]
	at com.alibaba.nacos.shaded.io.grpc.netty.shaded.io.netty.util.concurrent.SingleThreadEventExecutor$5.run(SingleThreadEventExecutor.java:918) ~[nacos-client-2.0.4.jar:na]
	at com.alibaba.nacos.shaded.io.grpc.netty.shaded.io.netty.util.internal.ThreadExecutorMap$2.run(ThreadExecutorMap.java:74) ~[nacos-client-2.0.4.jar:na]
	at com.alibaba.nacos.shaded.io.grpc.netty.shaded.io.netty.util.concurrent.FastThreadLocalRunnable.run(FastThreadLocalRunnable.java:30) ~[nacos-client-2.0.4.jar:na]
	at java.base/java.lang.Thread.run(Thread.java:834) ~[na:na]

01:20:29:176  INFO 19036 --- [main] com.alibaba.nacos.common.remote.client   : [146b3fcb-1163-4a1d-8766-f280c817d7b2] Try to connect to server on start up, server: {serverIp = '110.41.61.31', server main port = 8848}
01:20:29:857 ERROR 19036 --- [com.alibaba.nacos.client.remote.worker] c.a.n.c.remote.client.grpc.GrpcClient    : Server check fail, please check server 110.41.61.31 ,port 9848 is available , error ={}

java.util.concurrent.ExecutionException: com.alibaba.nacos.shaded.io.grpc.StatusRuntimeException: UNAVAILABLE: io exception
	at com.alibaba.nacos.shaded.com.google.common.util.concurrent.AbstractFuture.getDoneValue(AbstractFuture.java:566) ~[nacos-client-2.0.4.jar:na]
	at com.alibaba.nacos.shaded.com.google.common.util.concurrent.AbstractFuture.get(AbstractFuture.java:445) ~[nacos-client-2.0.4.jar:na]
	at com.alibaba.nacos.common.remote.client.grpc.GrpcClient.serverCheck(GrpcClient.java:148) ~[nacos-client-2.0.4.jar:na]
	at com.alibaba.nacos.common.remote.client.grpc.GrpcClient.connectToServer(GrpcClient.java:264) ~[nacos-client-2.0.4.jar:na]
	at com.alibaba.nacos.common.remote.client.RpcClient.reconnect(RpcClient.java:522) ~[nacos-client-2.0.4.jar:na]
	at com.alibaba.nacos.common.remote.client.RpcClient.lambda$start$2(RpcClient.java:370) ~[nacos-client-2.0.4.jar:na]
	at java.base/java.util.concurrent.Executors$RunnableAdapter.call(Executors.java:515) ~[na:na]
	at java.base/java.util.concurrent.FutureTask.run(FutureTask.java:264) ~[na:na]
	at java.base/java.util.concurrent.ScheduledThreadPoolExecutor$ScheduledFutureTask.run(ScheduledThreadPoolExecutor.java:304) ~[na:na]
	at java.base/java.util.concurrent.ThreadPoolExecutor.runWorker(ThreadPoolExecutor.java:1128) ~[na:na]
	at java.base/java.util.concurrent.ThreadPoolExecutor$Worker.run(ThreadPoolExecutor.java:628) ~[na:na]
	at java.base/java.lang.Thread.run(Thread.java:834) ~[na:na]
Caused by: com.alibaba.nacos.shaded.io.grpc.StatusRuntimeException: UNAVAILABLE: io exception
	at com.alibaba.nacos.shaded.io.grpc.Status.asRuntimeException(Status.java:533) ~[nacos-client-2.0.4.jar:na]
	at com.alibaba.nacos.shaded.io.grpc.stub.ClientCalls$UnaryStreamToFuture.onClose(ClientCalls.java:490) ~[nacos-client-2.0.4.jar:na]
	at com.alibaba.nacos.shaded.io.grpc.PartialForwardingClientCallListener.onClose(PartialForwardingClientCallListener.java:39) ~[nacos-client-2.0.4.jar:na]
	at com.alibaba.nacos.shaded.io.grpc.ForwardingClientCallListener.onClose(ForwardingClientCallListener.java:23) ~[nacos-client-2.0.4.jar:na]
	at com.alibaba.nacos.shaded.io.grpc.ForwardingClientCallListener$SimpleForwardingClientCallListener.onClose(ForwardingClientCallListener.java:40) ~[nacos-client-2.0.4.jar:na]
	at com.alibaba.nacos.shaded.io.grpc.internal.CensusStatsModule$StatsClientInterceptor$1$1.onClose(CensusStatsModule.java:700) ~[nacos-client-2.0.4.jar:na]
	at com.alibaba.nacos.shaded.io.grpc.PartialForwardingClientCallListener.onClose(PartialForwardingClientCallListener.java:39) ~[nacos-client-2.0.4.jar:na]
	at com.alibaba.nacos.shaded.io.grpc.ForwardingClientCallListener.onClose(ForwardingClientCallListener.java:23) ~[nacos-client-2.0.4.jar:na]
	at com.alibaba.nacos.shaded.io.grpc.ForwardingClientCallListener$SimpleForwardingClientCallListener.onClose(ForwardingClientCallListener.java:40) ~[nacos-client-2.0.4.jar:na]
	at com.alibaba.nacos.shaded.io.grpc.internal.CensusTracingModule$TracingClientInterceptor$1$1.onClose(CensusTracingModule.java:399) ~[nacos-client-2.0.4.jar:na]
	at com.alibaba.nacos.shaded.io.grpc.internal.ClientCallImpl.closeObserver(ClientCallImpl.java:510) ~[nacos-client-2.0.4.jar:na]
	at com.alibaba.nacos.shaded.io.grpc.internal.ClientCallImpl.access$300(ClientCallImpl.java:66) ~[nacos-client-2.0.4.jar:na]
	at com.alibaba.nacos.shaded.io.grpc.internal.ClientCallImpl$ClientStreamListenerImpl.close(ClientCallImpl.java:630) ~[nacos-client-2.0.4.jar:na]
	at com.alibaba.nacos.shaded.io.grpc.internal.ClientCallImpl$ClientStreamListenerImpl.access$700(ClientCallImpl.java:518) ~[nacos-client-2.0.4.jar:na]
	at com.alibaba.nacos.shaded.io.grpc.internal.ClientCallImpl$ClientStreamListenerImpl$1StreamClosed.runInternal(ClientCallImpl.java:692) ~[nacos-client-2.0.4.jar:na]
	at com.alibaba.nacos.shaded.io.grpc.internal.ClientCallImpl$ClientStreamListenerImpl$1StreamClosed.runInContext(ClientCallImpl.java:681) ~[nacos-client-2.0.4.jar:na]
	at com.alibaba.nacos.shaded.io.grpc.internal.ContextRunnable.run(ContextRunnable.java:37) ~[nacos-client-2.0.4.jar:na]
	at com.alibaba.nacos.shaded.io.grpc.internal.SerializingExecutor.run(SerializingExecutor.java:123) ~[nacos-client-2.0.4.jar:na]
	... 3 common frames omitted
Caused by: com.alibaba.nacos.shaded.io.grpc.netty.shaded.io.netty.channel.AbstractChannel$AnnotatedConnectException: Connection refused: no further information: /110.41.61.31:9848
Caused by: java.net.ConnectException: Connection refused: no further information
	at java.base/sun.nio.ch.SocketChannelImpl.checkConnect(Native Method) ~[na:na]
	at java.base/sun.nio.ch.SocketChannelImpl.finishConnect(SocketChannelImpl.java:779) ~[na:na]
	at com.alibaba.nacos.shaded.io.grpc.netty.shaded.io.netty.channel.socket.nio.NioSocketChannel.doFinishConnect(NioSocketChannel.java:327) ~[nacos-client-2.0.4.jar:na]
	at com.alibaba.nacos.shaded.io.grpc.netty.shaded.io.netty.channel.nio.AbstractNioChannel$AbstractNioUnsafe.finishConnect(AbstractNioChannel.java:336) ~[nacos-client-2.0.4.jar:na]
	at com.alibaba.nacos.shaded.io.grpc.netty.shaded.io.netty.channel.nio.NioEventLoop.processSelectedKey(NioEventLoop.java:685) ~[nacos-client-2.0.4.jar:na]
	at com.alibaba.nacos.shaded.io.grpc.netty.shaded.io.netty.channel.nio.NioEventLoop.processSelectedKeysOptimized(NioEventLoop.java:632) ~[nacos-client-2.0.4.jar:na]
	at com.alibaba.nacos.shaded.io.grpc.netty.shaded.io.netty.channel.nio.NioEventLoop.processSelectedKeys(NioEventLoop.java:549) ~[nacos-client-2.0.4.jar:na]
	at com.alibaba.nacos.shaded.io.grpc.netty.shaded.io.netty.channel.nio.NioEventLoop.run(NioEventLoop.java:511) ~[nacos-client-2.0.4.jar:na]
	at com.alibaba.nacos.shaded.io.grpc.netty.shaded.io.netty.util.concurrent.SingleThreadEventExecutor$5.run(SingleThreadEventExecutor.java:918) ~[nacos-client-2.0.4.jar:na]
	at com.alibaba.nacos.shaded.io.grpc.netty.shaded.io.netty.util.internal.ThreadExecutorMap$2.run(ThreadExecutorMap.java:74) ~[nacos-client-2.0.4.jar:na]
	at com.alibaba.nacos.shaded.io.grpc.netty.shaded.io.netty.util.concurrent.FastThreadLocalRunnable.run(FastThreadLocalRunnable.java:30) ~[nacos-client-2.0.4.jar:na]
	at java.base/java.lang.Thread.run(Thread.java:834) ~[na:na]

01:20:29:857  INFO 19036 --- [com.alibaba.nacos.client.remote.worker] com.alibaba.nacos.common.remote.client   : [b816233e-8d21-4aad-ad8d-6f567dca7f1d_config-0] Fail to connect server, after trying 5 times, last try server is {serverIp = '110.41.61.31', server main port = 8848}, error = unknown
01:20:31:510 ERROR 19036 --- [main] c.a.n.c.remote.client.grpc.GrpcClient    : Server check fail, please check server 110.41.61.31 ,port 9848 is available , error ={}

java.util.concurrent.ExecutionException: com.alibaba.nacos.shaded.io.grpc.StatusRuntimeException: UNAVAILABLE: io exception
	at com.alibaba.nacos.shaded.com.google.common.util.concurrent.AbstractFuture.getDoneValue(AbstractFuture.java:566) ~[nacos-client-2.0.4.jar:na]
	at com.alibaba.nacos.shaded.com.google.common.util.concurrent.AbstractFuture.get(AbstractFuture.java:445) ~[nacos-client-2.0.4.jar:na]
	at com.alibaba.nacos.common.remote.client.grpc.GrpcClient.serverCheck(GrpcClient.java:148) ~[nacos-client-2.0.4.jar:na]
	at com.alibaba.nacos.common.remote.client.grpc.GrpcClient.connectToServer(GrpcClient.java:264) ~[nacos-client-2.0.4.jar:na]
	at com.alibaba.nacos.common.remote.client.RpcClient.start(RpcClient.java:390) ~[nacos-client-2.0.4.jar:na]
	at com.alibaba.nacos.client.naming.remote.gprc.NamingGrpcClientProxy.start(NamingGrpcClientProxy.java:96) ~[nacos-client-2.0.4.jar:na]
	at com.alibaba.nacos.client.naming.remote.gprc.NamingGrpcClientProxy.<init>(NamingGrpcClientProxy.java:89) ~[nacos-client-2.0.4.jar:na]
	at com.alibaba.nacos.client.naming.remote.NamingClientProxyDelegate.<init>(NamingClientProxyDelegate.java:76) ~[nacos-client-2.0.4.jar:na]
	at com.alibaba.nacos.client.naming.NacosNamingService.init(NacosNamingService.java:95) ~[nacos-client-2.0.4.jar:na]
	at com.alibaba.nacos.client.naming.NacosNamingService.<init>(NacosNamingService.java:81) ~[nacos-client-2.0.4.jar:na]
	at java.base/jdk.internal.reflect.NativeConstructorAccessorImpl.newInstance0(Native Method) ~[na:na]
	at java.base/jdk.internal.reflect.NativeConstructorAccessorImpl.newInstance(NativeConstructorAccessorImpl.java:62) ~[na:na]
	at java.base/jdk.internal.reflect.DelegatingConstructorAccessorImpl.newInstance(DelegatingConstructorAccessorImpl.java:45) ~[na:na]
	at java.base/java.lang.reflect.Constructor.newInstance(Constructor.java:490) ~[na:na]
	at com.alibaba.nacos.api.naming.NamingFactory.createNamingService(NamingFactory.java:59) ~[nacos-client-2.0.4.jar:na]
	at com.alibaba.nacos.api.NacosFactory.createNamingService(NacosFactory.java:77) ~[nacos-client-2.0.4.jar:na]
	at com.alibaba.cloud.nacos.NacosServiceManager.createNewNamingService(NacosServiceManager.java:99) ~[spring-cloud-starter-alibaba-nacos-discovery-2021.0.4.0.jar:2021.0.4.0]
	at com.alibaba.cloud.nacos.NacosServiceManager.buildNamingService(NacosServiceManager.java:90) ~[spring-cloud-starter-alibaba-nacos-discovery-2021.0.4.0.jar:2021.0.4.0]
	at com.alibaba.cloud.nacos.NacosServiceManager.getNamingService(NacosServiceManager.java:46) ~[spring-cloud-starter-alibaba-nacos-discovery-2021.0.4.0.jar:2021.0.4.0]
	at com.alibaba.cloud.nacos.discovery.NacosWatch.stop(NacosWatch.java:173) ~[spring-cloud-starter-alibaba-nacos-discovery-2021.0.4.0.jar:2021.0.4.0]
	at com.alibaba.cloud.nacos.discovery.NacosWatch.destroy(NacosWatch.java:204) ~[spring-cloud-starter-alibaba-nacos-discovery-2021.0.4.0.jar:2021.0.4.0]
	at org.springframework.beans.factory.support.DisposableBeanAdapter.destroy(DisposableBeanAdapter.java:213) ~[spring-beans-5.3.27.jar:5.3.27]
	at org.springframework.beans.factory.support.DefaultSingletonBeanRegistry.destroyBean(DefaultSingletonBeanRegistry.java:587) ~[spring-beans-5.3.27.jar:5.3.27]
	at org.springframework.beans.factory.support.DefaultSingletonBeanRegistry.destroySingleton(DefaultSingletonBeanRegistry.java:559) ~[spring-beans-5.3.27.jar:5.3.27]
	at org.springframework.beans.factory.support.DefaultListableBeanFactory.destroySingleton(DefaultListableBeanFactory.java:1163) ~[spring-beans-5.3.27.jar:5.3.27]
	at org.springframework.beans.factory.support.DefaultSingletonBeanRegistry.destroySingletons(DefaultSingletonBeanRegistry.java:520) ~[spring-beans-5.3.27.jar:5.3.27]
	at org.springframework.beans.factory.support.DefaultListableBeanFactory.destroySingletons(DefaultListableBeanFactory.java:1156) ~[spring-beans-5.3.27.jar:5.3.27]
	at org.springframework.context.support.AbstractApplicationContext.destroyBeans(AbstractApplicationContext.java:1108) ~[spring-context-5.3.27.jar:5.3.27]
	at org.springframework.context.support.AbstractApplicationContext.refresh(AbstractApplicationContext.java:596) ~[spring-context-5.3.27.jar:5.3.27]
	at org.springframework.boot.web.reactive.context.ReactiveWebServerApplicationContext.refresh(ReactiveWebServerApplicationContext.java:66) ~[spring-boot-2.7.12.jar:2.7.12]
	at org.springframework.boot.SpringApplication.refresh(SpringApplication.java:731) ~[spring-boot-2.7.12.jar:2.7.12]
	at org.springframework.boot.SpringApplication.refreshContext(SpringApplication.java:408) ~[spring-boot-2.7.12.jar:2.7.12]
	at org.springframework.boot.SpringApplication.run(SpringApplication.java:307) ~[spring-boot-2.7.12.jar:2.7.12]
	at org.springframework.boot.SpringApplication.run(SpringApplication.java:1303) ~[spring-boot-2.7.12.jar:2.7.12]
	at org.springframework.boot.SpringApplication.run(SpringApplication.java:1292) ~[spring-boot-2.7.12.jar:2.7.12]
	at com.hmall.gateway.GatewayApplication.main(GatewayApplication.java:9) ~[classes/:na]
Caused by: com.alibaba.nacos.shaded.io.grpc.StatusRuntimeException: UNAVAILABLE: io exception
	at com.alibaba.nacos.shaded.io.grpc.Status.asRuntimeException(Status.java:533) ~[nacos-client-2.0.4.jar:na]
	at com.alibaba.nacos.shaded.io.grpc.stub.ClientCalls$UnaryStreamToFuture.onClose(ClientCalls.java:490) ~[nacos-client-2.0.4.jar:na]
	at com.alibaba.nacos.shaded.io.grpc.PartialForwardingClientCallListener.onClose(PartialForwardingClientCallListener.java:39) ~[nacos-client-2.0.4.jar:na]
	at com.alibaba.nacos.shaded.io.grpc.ForwardingClientCallListener.onClose(ForwardingClientCallListener.java:23) ~[nacos-client-2.0.4.jar:na]
	at com.alibaba.nacos.shaded.io.grpc.ForwardingClientCallListener$SimpleForwardingClientCallListener.onClose(ForwardingClientCallListener.java:40) ~[nacos-client-2.0.4.jar:na]
	at com.alibaba.nacos.shaded.io.grpc.internal.CensusStatsModule$StatsClientInterceptor$1$1.onClose(CensusStatsModule.java:700) ~[nacos-client-2.0.4.jar:na]
	at com.alibaba.nacos.shaded.io.grpc.PartialForwardingClientCallListener.onClose(PartialForwardingClientCallListener.java:39) ~[nacos-client-2.0.4.jar:na]
	at com.alibaba.nacos.shaded.io.grpc.ForwardingClientCallListener.onClose(ForwardingClientCallListener.java:23) ~[nacos-client-2.0.4.jar:na]
	at com.alibaba.nacos.shaded.io.grpc.ForwardingClientCallListener$SimpleForwardingClientCallListener.onClose(ForwardingClientCallListener.java:40) ~[nacos-client-2.0.4.jar:na]
	at com.alibaba.nacos.shaded.io.grpc.internal.CensusTracingModule$TracingClientInterceptor$1$1.onClose(CensusTracingModule.java:399) ~[nacos-client-2.0.4.jar:na]
	at com.alibaba.nacos.shaded.io.grpc.internal.ClientCallImpl.closeObserver(ClientCallImpl.java:510) ~[nacos-client-2.0.4.jar:na]
	at com.alibaba.nacos.shaded.io.grpc.internal.ClientCallImpl.access$300(ClientCallImpl.java:66) ~[nacos-client-2.0.4.jar:na]
	at com.alibaba.nacos.shaded.io.grpc.internal.ClientCallImpl$ClientStreamListenerImpl.close(ClientCallImpl.java:630) ~[nacos-client-2.0.4.jar:na]
	at com.alibaba.nacos.shaded.io.grpc.internal.ClientCallImpl$ClientStreamListenerImpl.access$700(ClientCallImpl.java:518) ~[nacos-client-2.0.4.jar:na]
	at com.alibaba.nacos.shaded.io.grpc.internal.ClientCallImpl$ClientStreamListenerImpl$1StreamClosed.runInternal(ClientCallImpl.java:692) ~[nacos-client-2.0.4.jar:na]
	at com.alibaba.nacos.shaded.io.grpc.internal.ClientCallImpl$ClientStreamListenerImpl$1StreamClosed.runInContext(ClientCallImpl.java:681) ~[nacos-client-2.0.4.jar:na]
	at com.alibaba.nacos.shaded.io.grpc.internal.ContextRunnable.run(ContextRunnable.java:37) ~[nacos-client-2.0.4.jar:na]
	at com.alibaba.nacos.shaded.io.grpc.internal.SerializingExecutor.run(SerializingExecutor.java:123) ~[nacos-client-2.0.4.jar:na]
	at java.base/java.util.concurrent.ThreadPoolExecutor.runWorker(ThreadPoolExecutor.java:1128) ~[na:na]
	at java.base/java.util.concurrent.ThreadPoolExecutor$Worker.run(ThreadPoolExecutor.java:628) ~[na:na]
	at java.base/java.lang.Thread.run(Thread.java:834) ~[na:na]
Caused by: com.alibaba.nacos.shaded.io.grpc.netty.shaded.io.netty.channel.AbstractChannel$AnnotatedConnectException: Connection refused: no further information: /110.41.61.31:9848
Caused by: java.net.ConnectException: Connection refused: no further information
	at java.base/sun.nio.ch.SocketChannelImpl.checkConnect(Native Method) ~[na:na]
	at java.base/sun.nio.ch.SocketChannelImpl.finishConnect(SocketChannelImpl.java:779) ~[na:na]
	at com.alibaba.nacos.shaded.io.grpc.netty.shaded.io.netty.channel.socket.nio.NioSocketChannel.doFinishConnect(NioSocketChannel.java:327) ~[nacos-client-2.0.4.jar:na]
	at com.alibaba.nacos.shaded.io.grpc.netty.shaded.io.netty.channel.nio.AbstractNioChannel$AbstractNioUnsafe.finishConnect(AbstractNioChannel.java:336) ~[nacos-client-2.0.4.jar:na]
	at com.alibaba.nacos.shaded.io.grpc.netty.shaded.io.netty.channel.nio.NioEventLoop.processSelectedKey(NioEventLoop.java:685) ~[nacos-client-2.0.4.jar:na]
	at com.alibaba.nacos.shaded.io.grpc.netty.shaded.io.netty.channel.nio.NioEventLoop.processSelectedKeysOptimized(NioEventLoop.java:632) ~[nacos-client-2.0.4.jar:na]
	at com.alibaba.nacos.shaded.io.grpc.netty.shaded.io.netty.channel.nio.NioEventLoop.processSelectedKeys(NioEventLoop.java:549) ~[nacos-client-2.0.4.jar:na]
	at com.alibaba.nacos.shaded.io.grpc.netty.shaded.io.netty.channel.nio.NioEventLoop.run(NioEventLoop.java:511) ~[nacos-client-2.0.4.jar:na]
	at com.alibaba.nacos.shaded.io.grpc.netty.shaded.io.netty.util.concurrent.SingleThreadEventExecutor$5.run(SingleThreadEventExecutor.java:918) ~[nacos-client-2.0.4.jar:na]
	at com.alibaba.nacos.shaded.io.grpc.netty.shaded.io.netty.util.internal.ThreadExecutorMap$2.run(ThreadExecutorMap.java:74) ~[nacos-client-2.0.4.jar:na]
	at com.alibaba.nacos.shaded.io.grpc.netty.shaded.io.netty.util.concurrent.FastThreadLocalRunnable.run(FastThreadLocalRunnable.java:30) ~[nacos-client-2.0.4.jar:na]
	at java.base/java.lang.Thread.run(Thread.java:834) ~[na:na]

01:20:31:511  INFO 19036 --- [main] com.alibaba.nacos.common.remote.client   : [146b3fcb-1163-4a1d-8766-f280c817d7b2] Try to connect to server on start up, server: {serverIp = '110.41.61.31', server main port = 8848}
01:20:32:734 ERROR 19036 --- [com.alibaba.nacos.client.remote.worker] c.a.n.c.remote.client.grpc.GrpcClient    : Server check fail, please check server 110.41.61.31 ,port 9848 is available , error ={}

java.util.concurrent.ExecutionException: com.alibaba.nacos.shaded.io.grpc.StatusRuntimeException: UNAVAILABLE: io exception
	at com.alibaba.nacos.shaded.com.google.common.util.concurrent.AbstractFuture.getDoneValue(AbstractFuture.java:566) ~[nacos-client-2.0.4.jar:na]
	at com.alibaba.nacos.shaded.com.google.common.util.concurrent.AbstractFuture.get(AbstractFuture.java:445) ~[nacos-client-2.0.4.jar:na]
	at com.alibaba.nacos.common.remote.client.grpc.GrpcClient.serverCheck(GrpcClient.java:148) ~[nacos-client-2.0.4.jar:na]
	at com.alibaba.nacos.common.remote.client.grpc.GrpcClient.connectToServer(GrpcClient.java:264) ~[nacos-client-2.0.4.jar:na]
	at com.alibaba.nacos.common.remote.client.RpcClient.reconnect(RpcClient.java:522) ~[nacos-client-2.0.4.jar:na]
	at com.alibaba.nacos.common.remote.client.RpcClient.lambda$start$2(RpcClient.java:370) ~[nacos-client-2.0.4.jar:na]
	at java.base/java.util.concurrent.Executors$RunnableAdapter.call(Executors.java:515) ~[na:na]
	at java.base/java.util.concurrent.FutureTask.run(FutureTask.java:264) ~[na:na]
	at java.base/java.util.concurrent.ScheduledThreadPoolExecutor$ScheduledFutureTask.run(ScheduledThreadPoolExecutor.java:304) ~[na:na]
	at java.base/java.util.concurrent.ThreadPoolExecutor.runWorker(ThreadPoolExecutor.java:1128) ~[na:na]
	at java.base/java.util.concurrent.ThreadPoolExecutor$Worker.run(ThreadPoolExecutor.java:628) ~[na:na]
	at java.base/java.lang.Thread.run(Thread.java:834) ~[na:na]
Caused by: com.alibaba.nacos.shaded.io.grpc.StatusRuntimeException: UNAVAILABLE: io exception
	at com.alibaba.nacos.shaded.io.grpc.Status.asRuntimeException(Status.java:533) ~[nacos-client-2.0.4.jar:na]
	at com.alibaba.nacos.shaded.io.grpc.stub.ClientCalls$UnaryStreamToFuture.onClose(ClientCalls.java:490) ~[nacos-client-2.0.4.jar:na]
	at com.alibaba.nacos.shaded.io.grpc.PartialForwardingClientCallListener.onClose(PartialForwardingClientCallListener.java:39) ~[nacos-client-2.0.4.jar:na]
	at com.alibaba.nacos.shaded.io.grpc.ForwardingClientCallListener.onClose(ForwardingClientCallListener.java:23) ~[nacos-client-2.0.4.jar:na]
	at com.alibaba.nacos.shaded.io.grpc.ForwardingClientCallListener$SimpleForwardingClientCallListener.onClose(ForwardingClientCallListener.java:40) ~[nacos-client-2.0.4.jar:na]
	at com.alibaba.nacos.shaded.io.grpc.internal.CensusStatsModule$StatsClientInterceptor$1$1.onClose(CensusStatsModule.java:700) ~[nacos-client-2.0.4.jar:na]
	at com.alibaba.nacos.shaded.io.grpc.PartialForwardingClientCallListener.onClose(PartialForwardingClientCallListener.java:39) ~[nacos-client-2.0.4.jar:na]
	at com.alibaba.nacos.shaded.io.grpc.ForwardingClientCallListener.onClose(ForwardingClientCallListener.java:23) ~[nacos-client-2.0.4.jar:na]
	at com.alibaba.nacos.shaded.io.grpc.ForwardingClientCallListener$SimpleForwardingClientCallListener.onClose(ForwardingClientCallListener.java:40) ~[nacos-client-2.0.4.jar:na]
	at com.alibaba.nacos.shaded.io.grpc.internal.CensusTracingModule$TracingClientInterceptor$1$1.onClose(CensusTracingModule.java:399) ~[nacos-client-2.0.4.jar:na]
	at com.alibaba.nacos.shaded.io.grpc.internal.ClientCallImpl.closeObserver(ClientCallImpl.java:510) ~[nacos-client-2.0.4.jar:na]
	at com.alibaba.nacos.shaded.io.grpc.internal.ClientCallImpl.access$300(ClientCallImpl.java:66) ~[nacos-client-2.0.4.jar:na]
	at com.alibaba.nacos.shaded.io.grpc.internal.ClientCallImpl$ClientStreamListenerImpl.close(ClientCallImpl.java:630) ~[nacos-client-2.0.4.jar:na]
	at com.alibaba.nacos.shaded.io.grpc.internal.ClientCallImpl$ClientStreamListenerImpl.access$700(ClientCallImpl.java:518) ~[nacos-client-2.0.4.jar:na]
	at com.alibaba.nacos.shaded.io.grpc.internal.ClientCallImpl$ClientStreamListenerImpl$1StreamClosed.runInternal(ClientCallImpl.java:692) ~[nacos-client-2.0.4.jar:na]
	at com.alibaba.nacos.shaded.io.grpc.internal.ClientCallImpl$ClientStreamListenerImpl$1StreamClosed.runInContext(ClientCallImpl.java:681) ~[nacos-client-2.0.4.jar:na]
	at com.alibaba.nacos.shaded.io.grpc.internal.ContextRunnable.run(ContextRunnable.java:37) ~[nacos-client-2.0.4.jar:na]
	at com.alibaba.nacos.shaded.io.grpc.internal.SerializingExecutor.run(SerializingExecutor.java:123) ~[nacos-client-2.0.4.jar:na]
	... 3 common frames omitted
Caused by: com.alibaba.nacos.shaded.io.grpc.netty.shaded.io.netty.channel.AbstractChannel$AnnotatedConnectException: Connection refused: no further information: /110.41.61.31:9848
Caused by: java.net.ConnectException: Connection refused: no further information
	at java.base/sun.nio.ch.SocketChannelImpl.checkConnect(Native Method) ~[na:na]
	at java.base/sun.nio.ch.SocketChannelImpl.finishConnect(SocketChannelImpl.java:779) ~[na:na]
	at com.alibaba.nacos.shaded.io.grpc.netty.shaded.io.netty.channel.socket.nio.NioSocketChannel.doFinishConnect(NioSocketChannel.java:327) ~[nacos-client-2.0.4.jar:na]
	at com.alibaba.nacos.shaded.io.grpc.netty.shaded.io.netty.channel.nio.AbstractNioChannel$AbstractNioUnsafe.finishConnect(AbstractNioChannel.java:336) ~[nacos-client-2.0.4.jar:na]
	at com.alibaba.nacos.shaded.io.grpc.netty.shaded.io.netty.channel.nio.NioEventLoop.processSelectedKey(NioEventLoop.java:685) ~[nacos-client-2.0.4.jar:na]
	at com.alibaba.nacos.shaded.io.grpc.netty.shaded.io.netty.channel.nio.NioEventLoop.processSelectedKeysOptimized(NioEventLoop.java:632) ~[nacos-client-2.0.4.jar:na]
	at com.alibaba.nacos.shaded.io.grpc.netty.shaded.io.netty.channel.nio.NioEventLoop.processSelectedKeys(NioEventLoop.java:549) ~[nacos-client-2.0.4.jar:na]
	at com.alibaba.nacos.shaded.io.grpc.netty.shaded.io.netty.channel.nio.NioEventLoop.run(NioEventLoop.java:511) ~[nacos-client-2.0.4.jar:na]
	at com.alibaba.nacos.shaded.io.grpc.netty.shaded.io.netty.util.concurrent.SingleThreadEventExecutor$5.run(SingleThreadEventExecutor.java:918) ~[nacos-client-2.0.4.jar:na]
	at com.alibaba.nacos.shaded.io.grpc.netty.shaded.io.netty.util.internal.ThreadExecutorMap$2.run(ThreadExecutorMap.java:74) ~[nacos-client-2.0.4.jar:na]
	at com.alibaba.nacos.shaded.io.grpc.netty.shaded.io.netty.util.concurrent.FastThreadLocalRunnable.run(FastThreadLocalRunnable.java:30) ~[nacos-client-2.0.4.jar:na]
	at java.base/java.lang.Thread.run(Thread.java:834) ~[na:na]

01:20:32:734  INFO 19036 --- [com.alibaba.nacos.client.remote.worker] com.alibaba.nacos.common.remote.client   : [b816233e-8d21-4aad-ad8d-6f567dca7f1d_config-0] Fail to connect server, after trying 6 times, last try server is {serverIp = '110.41.61.31', server main port = 8848}, error = unknown
01:20:32:779 ERROR 19036 --- [com.alibaba.nacos.client.Worker] com.alibaba.nacos.common.remote.client   : Send request fail, request = ConfigBatchListenRequest{headers={charset=UTF-8, Client-AppName=unknown, Client-RequestToken=a7625b135faa1f4bc3b21cc9e294e742, Client-RequestTS=1764609632670, exConfigInfo=true, Timestamp=1764609632670}, requestId='null'}, retryTimes = 0, errorMessage = Client not connected, current status:STARTING
01:20:32:887 ERROR 19036 --- [com.alibaba.nacos.client.Worker] com.alibaba.nacos.common.remote.client   : Send request fail, request = ConfigBatchListenRequest{headers={charset=UTF-8, Client-AppName=unknown, Client-RequestToken=a7625b135faa1f4bc3b21cc9e294e742, Client-RequestTS=1764609632670, exConfigInfo=true, Timestamp=1764609632670}, requestId='null'}, retryTimes = 1, errorMessage = Client not connected, current status:STARTING
01:20:32:996 ERROR 19036 --- [com.alibaba.nacos.client.Worker] com.alibaba.nacos.common.remote.client   : Send request fail, request = ConfigBatchListenRequest{headers={charset=UTF-8, Client-AppName=unknown, Client-RequestToken=a7625b135faa1f4bc3b21cc9e294e742, Client-RequestTS=1764609632670, exConfigInfo=true, Timestamp=1764609632670}, requestId='null'}, retryTimes = 2, errorMessage = Client not connected, current status:STARTING
01:20:33:865 ERROR 19036 --- [main] c.a.n.c.remote.client.grpc.GrpcClient    : Server check fail, please check server 110.41.61.31 ,port 9848 is available , error ={}

java.util.concurrent.ExecutionException: com.alibaba.nacos.shaded.io.grpc.StatusRuntimeException: UNAVAILABLE: io exception
	at com.alibaba.nacos.shaded.com.google.common.util.concurrent.AbstractFuture.getDoneValue(AbstractFuture.java:566) ~[nacos-client-2.0.4.jar:na]
	at com.alibaba.nacos.shaded.com.google.common.util.concurrent.AbstractFuture.get(AbstractFuture.java:445) ~[nacos-client-2.0.4.jar:na]
	at com.alibaba.nacos.common.remote.client.grpc.GrpcClient.serverCheck(GrpcClient.java:148) ~[nacos-client-2.0.4.jar:na]
	at com.alibaba.nacos.common.remote.client.grpc.GrpcClient.connectToServer(GrpcClient.java:264) ~[nacos-client-2.0.4.jar:na]
	at com.alibaba.nacos.common.remote.client.RpcClient.start(RpcClient.java:390) ~[nacos-client-2.0.4.jar:na]
	at com.alibaba.nacos.client.naming.remote.gprc.NamingGrpcClientProxy.start(NamingGrpcClientProxy.java:96) ~[nacos-client-2.0.4.jar:na]
	at com.alibaba.nacos.client.naming.remote.gprc.NamingGrpcClientProxy.<init>(NamingGrpcClientProxy.java:89) ~[nacos-client-2.0.4.jar:na]
	at com.alibaba.nacos.client.naming.remote.NamingClientProxyDelegate.<init>(NamingClientProxyDelegate.java:76) ~[nacos-client-2.0.4.jar:na]
	at com.alibaba.nacos.client.naming.NacosNamingService.init(NacosNamingService.java:95) ~[nacos-client-2.0.4.jar:na]
	at com.alibaba.nacos.client.naming.NacosNamingService.<init>(NacosNamingService.java:81) ~[nacos-client-2.0.4.jar:na]
	at java.base/jdk.internal.reflect.NativeConstructorAccessorImpl.newInstance0(Native Method) ~[na:na]
	at java.base/jdk.internal.reflect.NativeConstructorAccessorImpl.newInstance(NativeConstructorAccessorImpl.java:62) ~[na:na]
	at java.base/jdk.internal.reflect.DelegatingConstructorAccessorImpl.newInstance(DelegatingConstructorAccessorImpl.java:45) ~[na:na]
	at java.base/java.lang.reflect.Constructor.newInstance(Constructor.java:490) ~[na:na]
	at com.alibaba.nacos.api.naming.NamingFactory.createNamingService(NamingFactory.java:59) ~[nacos-client-2.0.4.jar:na]
	at com.alibaba.nacos.api.NacosFactory.createNamingService(NacosFactory.java:77) ~[nacos-client-2.0.4.jar:na]
	at com.alibaba.cloud.nacos.NacosServiceManager.createNewNamingService(NacosServiceManager.java:99) ~[spring-cloud-starter-alibaba-nacos-discovery-2021.0.4.0.jar:2021.0.4.0]
	at com.alibaba.cloud.nacos.NacosServiceManager.buildNamingService(NacosServiceManager.java:90) ~[spring-cloud-starter-alibaba-nacos-discovery-2021.0.4.0.jar:2021.0.4.0]
	at com.alibaba.cloud.nacos.NacosServiceManager.getNamingService(NacosServiceManager.java:46) ~[spring-cloud-starter-alibaba-nacos-discovery-2021.0.4.0.jar:2021.0.4.0]
	at com.alibaba.cloud.nacos.discovery.NacosWatch.stop(NacosWatch.java:173) ~[spring-cloud-starter-alibaba-nacos-discovery-2021.0.4.0.jar:2021.0.4.0]
	at com.alibaba.cloud.nacos.discovery.NacosWatch.destroy(NacosWatch.java:204) ~[spring-cloud-starter-alibaba-nacos-discovery-2021.0.4.0.jar:2021.0.4.0]
	at org.springframework.beans.factory.support.DisposableBeanAdapter.destroy(DisposableBeanAdapter.java:213) ~[spring-beans-5.3.27.jar:5.3.27]
	at org.springframework.beans.factory.support.DefaultSingletonBeanRegistry.destroyBean(DefaultSingletonBeanRegistry.java:587) ~[spring-beans-5.3.27.jar:5.3.27]
	at org.springframework.beans.factory.support.DefaultSingletonBeanRegistry.destroySingleton(DefaultSingletonBeanRegistry.java:559) ~[spring-beans-5.3.27.jar:5.3.27]
	at org.springframework.beans.factory.support.DefaultListableBeanFactory.destroySingleton(DefaultListableBeanFactory.java:1163) ~[spring-beans-5.3.27.jar:5.3.27]
	at org.springframework.beans.factory.support.DefaultSingletonBeanRegistry.destroySingletons(DefaultSingletonBeanRegistry.java:520) ~[spring-beans-5.3.27.jar:5.3.27]
	at org.springframework.beans.factory.support.DefaultListableBeanFactory.destroySingletons(DefaultListableBeanFactory.java:1156) ~[spring-beans-5.3.27.jar:5.3.27]
	at org.springframework.context.support.AbstractApplicationContext.destroyBeans(AbstractApplicationContext.java:1108) ~[spring-context-5.3.27.jar:5.3.27]
	at org.springframework.context.support.AbstractApplicationContext.refresh(AbstractApplicationContext.java:596) ~[spring-context-5.3.27.jar:5.3.27]
	at org.springframework.boot.web.reactive.context.ReactiveWebServerApplicationContext.refresh(ReactiveWebServerApplicationContext.java:66) ~[spring-boot-2.7.12.jar:2.7.12]
	at org.springframework.boot.SpringApplication.refresh(SpringApplication.java:731) ~[spring-boot-2.7.12.jar:2.7.12]
	at org.springframework.boot.SpringApplication.refreshContext(SpringApplication.java:408) ~[spring-boot-2.7.12.jar:2.7.12]
	at org.springframework.boot.SpringApplication.run(SpringApplication.java:307) ~[spring-boot-2.7.12.jar:2.7.12]
	at org.springframework.boot.SpringApplication.run(SpringApplication.java:1303) ~[spring-boot-2.7.12.jar:2.7.12]
	at org.springframework.boot.SpringApplication.run(SpringApplication.java:1292) ~[spring-boot-2.7.12.jar:2.7.12]
	at com.hmall.gateway.GatewayApplication.main(GatewayApplication.java:9) ~[classes/:na]
Caused by: com.alibaba.nacos.shaded.io.grpc.StatusRuntimeException: UNAVAILABLE: io exception
	at com.alibaba.nacos.shaded.io.grpc.Status.asRuntimeException(Status.java:533) ~[nacos-client-2.0.4.jar:na]
	at com.alibaba.nacos.shaded.io.grpc.stub.ClientCalls$UnaryStreamToFuture.onClose(ClientCalls.java:490) ~[nacos-client-2.0.4.jar:na]
	at com.alibaba.nacos.shaded.io.grpc.PartialForwardingClientCallListener.onClose(PartialForwardingClientCallListener.java:39) ~[nacos-client-2.0.4.jar:na]
	at com.alibaba.nacos.shaded.io.grpc.ForwardingClientCallListener.onClose(ForwardingClientCallListener.java:23) ~[nacos-client-2.0.4.jar:na]
	at com.alibaba.nacos.shaded.io.grpc.ForwardingClientCallListener$SimpleForwardingClientCallListener.onClose(ForwardingClientCallListener.java:40) ~[nacos-client-2.0.4.jar:na]
	at com.alibaba.nacos.shaded.io.grpc.internal.CensusStatsModule$StatsClientInterceptor$1$1.onClose(CensusStatsModule.java:700) ~[nacos-client-2.0.4.jar:na]
	at com.alibaba.nacos.shaded.io.grpc.PartialForwardingClientCallListener.onClose(PartialForwardingClientCallListener.java:39) ~[nacos-client-2.0.4.jar:na]
	at com.alibaba.nacos.shaded.io.grpc.ForwardingClientCallListener.onClose(ForwardingClientCallListener.java:23) ~[nacos-client-2.0.4.jar:na]
	at com.alibaba.nacos.shaded.io.grpc.ForwardingClientCallListener$SimpleForwardingClientCallListener.onClose(ForwardingClientCallListener.java:40) ~[nacos-client-2.0.4.jar:na]
	at com.alibaba.nacos.shaded.io.grpc.internal.CensusTracingModule$TracingClientInterceptor$1$1.onClose(CensusTracingModule.java:399) ~[nacos-client-2.0.4.jar:na]
	at com.alibaba.nacos.shaded.io.grpc.internal.ClientCallImpl.closeObserver(ClientCallImpl.java:510) ~[nacos-client-2.0.4.jar:na]
	at com.alibaba.nacos.shaded.io.grpc.internal.ClientCallImpl.access$300(ClientCallImpl.java:66) ~[nacos-client-2.0.4.jar:na]
	at com.alibaba.nacos.shaded.io.grpc.internal.ClientCallImpl$ClientStreamListenerImpl.close(ClientCallImpl.java:630) ~[nacos-client-2.0.4.jar:na]
	at com.alibaba.nacos.shaded.io.grpc.internal.ClientCallImpl$ClientStreamListenerImpl.access$700(ClientCallImpl.java:518) ~[nacos-client-2.0.4.jar:na]
	at com.alibaba.nacos.shaded.io.grpc.internal.ClientCallImpl$ClientStreamListenerImpl$1StreamClosed.runInternal(ClientCallImpl.java:692) ~[nacos-client-2.0.4.jar:na]
	at com.alibaba.nacos.shaded.io.grpc.internal.ClientCallImpl$ClientStreamListenerImpl$1StreamClosed.runInContext(ClientCallImpl.java:681) ~[nacos-client-2.0.4.jar:na]
	at com.alibaba.nacos.shaded.io.grpc.internal.ContextRunnable.run(ContextRunnable.java:37) ~[nacos-client-2.0.4.jar:na]
	at com.alibaba.nacos.shaded.io.grpc.internal.SerializingExecutor.run(SerializingExecutor.java:123) ~[nacos-client-2.0.4.jar:na]
	at java.base/java.util.concurrent.ThreadPoolExecutor.runWorker(ThreadPoolExecutor.java:1128) ~[na:na]
	at java.base/java.util.concurrent.ThreadPoolExecutor$Worker.run(ThreadPoolExecutor.java:628) ~[na:na]
	at java.base/java.lang.Thread.run(Thread.java:834) ~[na:na]
Caused by: com.alibaba.nacos.shaded.io.grpc.netty.shaded.io.netty.channel.AbstractChannel$AnnotatedConnectException: Connection refused: no further information: /110.41.61.31:9848
Caused by: java.net.ConnectException: Connection refused: no further information
	at java.base/sun.nio.ch.SocketChannelImpl.checkConnect(Native Method) ~[na:na]
	at java.base/sun.nio.ch.SocketChannelImpl.finishConnect(SocketChannelImpl.java:779) ~[na:na]
	at com.alibaba.nacos.shaded.io.grpc.netty.shaded.io.netty.channel.socket.nio.NioSocketChannel.doFinishConnect(NioSocketChannel.java:327) ~[nacos-client-2.0.4.jar:na]
	at com.alibaba.nacos.shaded.io.grpc.netty.shaded.io.netty.channel.nio.AbstractNioChannel$AbstractNioUnsafe.finishConnect(AbstractNioChannel.java:336) ~[nacos-client-2.0.4.jar:na]
	at com.alibaba.nacos.shaded.io.grpc.netty.shaded.io.netty.channel.nio.NioEventLoop.processSelectedKey(NioEventLoop.java:685) ~[nacos-client-2.0.4.jar:na]
	at com.alibaba.nacos.shaded.io.grpc.netty.shaded.io.netty.channel.nio.NioEventLoop.processSelectedKeysOptimized(NioEventLoop.java:632) ~[nacos-client-2.0.4.jar:na]
	at com.alibaba.nacos.shaded.io.grpc.netty.shaded.io.netty.channel.nio.NioEventLoop.processSelectedKeys(NioEventLoop.java:549) ~[nacos-client-2.0.4.jar:na]
	at com.alibaba.nacos.shaded.io.grpc.netty.shaded.io.netty.channel.nio.NioEventLoop.run(NioEventLoop.java:511) ~[nacos-client-2.0.4.jar:na]
	at com.alibaba.nacos.shaded.io.grpc.netty.shaded.io.netty.util.concurrent.SingleThreadEventExecutor$5.run(SingleThreadEventExecutor.java:918) ~[nacos-client-2.0.4.jar:na]
	at com.alibaba.nacos.shaded.io.grpc.netty.shaded.io.netty.util.internal.ThreadExecutorMap$2.run(ThreadExecutorMap.java:74) ~[nacos-client-2.0.4.jar:na]
	at com.alibaba.nacos.shaded.io.grpc.netty.shaded.io.netty.util.concurrent.FastThreadLocalRunnable.run(FastThreadLocalRunnable.java:30) ~[nacos-client-2.0.4.jar:na]
	at java.base/java.lang.Thread.run(Thread.java:834) ~[na:na]

01:20:33:865  INFO 19036 --- [main] com.alibaba.nacos.common.remote.client   : [146b3fcb-1163-4a1d-8766-f280c817d7b2] Register server push request handler:com.alibaba.nacos.common.remote.client.RpcClient$ConnectResetRequestHandler
01:20:33:865  INFO 19036 --- [com.alibaba.nacos.client.remote.worker] com.alibaba.nacos.common.remote.client   : [146b3fcb-1163-4a1d-8766-f280c817d7b2] Try to reconnect to a new server, server is  not appointed, will choose a random server.
01:20:33:865  INFO 19036 --- [main] com.alibaba.nacos.common.remote.client   : [146b3fcb-1163-4a1d-8766-f280c817d7b2] Register server push request handler:com.alibaba.nacos.common.remote.client.RpcClient$$Lambda$468/0x00000008004f4840
01:20:33:969 ERROR 19036 --- [main] com.alibaba.nacos.common.remote.client   : Send request fail, request = SubscribeServiceRequest{headers={app=unknown}, requestId='null'}, retryTimes = 0, errorMessage = Client not connected, current status:STARTING
01:20:34:079 ERROR 19036 --- [main] com.alibaba.nacos.common.remote.client   : Send request fail, request = SubscribeServiceRequest{headers={app=unknown}, requestId='null'}, retryTimes = 1, errorMessage = Client not connected, current status:STARTING
01:20:34:191 ERROR 19036 --- [main] com.alibaba.nacos.common.remote.client   : Send request fail, request = SubscribeServiceRequest{headers={app=unknown}, requestId='null'}, retryTimes = 2, errorMessage = Client not connected, current status:STARTING
01:20:34:191 ERROR 19036 --- [main] c.a.cloud.nacos.discovery.NacosWatch     : namingService unsubscribe failed, properties:NacosDiscoveryProperties{serverAddr='110.41.61.31:8848', username='', password='', endpoint='', namespace='', watchDelay=30000, logName='', service='gateway', weight=1.0, clusterName='DEFAULT', group='DEFAULT_GROUP', namingLoadCacheAtStart='false', metadata={preserved.register.source=SPRING_CLOUD}, registerEnabled=true, ip='192.168.212.91', networkInterface='', port=8080, secure=false, accessKey='', secretKey='', heartBeatInterval=null, heartBeatTimeout=null, ipDeleteTimeout=null, instanceEnabled=true, ephemeral=true, failureToleranceEnabled=false}, ipDeleteTimeout=null, failFast=true}

com.alibaba.nacos.api.exception.NacosException: Request nacos server failed: 
	at com.alibaba.nacos.client.naming.remote.gprc.NamingGrpcClientProxy.requestToServer(NamingGrpcClientProxy.java:290) ~[nacos-client-2.0.4.jar:na]
	at com.alibaba.nacos.client.naming.remote.gprc.NamingGrpcClientProxy.doUnsubscribe(NamingGrpcClientProxy.java:260) ~[nacos-client-2.0.4.jar:na]
	at com.alibaba.nacos.client.naming.remote.gprc.NamingGrpcClientProxy.unsubscribe(NamingGrpcClientProxy.java:241) ~[nacos-client-2.0.4.jar:na]
	at com.alibaba.nacos.client.naming.remote.NamingClientProxyDelegate.unsubscribe(NamingClientProxyDelegate.java:157) ~[nacos-client-2.0.4.jar:na]
	at com.alibaba.nacos.client.naming.NacosNamingService.unsubscribe(NacosNamingService.java:417) ~[nacos-client-2.0.4.jar:na]
	at com.alibaba.cloud.nacos.discovery.NacosWatch.stop(NacosWatch.java:174) ~[spring-cloud-starter-alibaba-nacos-discovery-2021.0.4.0.jar:2021.0.4.0]
	at com.alibaba.cloud.nacos.discovery.NacosWatch.destroy(NacosWatch.java:204) ~[spring-cloud-starter-alibaba-nacos-discovery-2021.0.4.0.jar:2021.0.4.0]
	at org.springframework.beans.factory.support.DisposableBeanAdapter.destroy(DisposableBeanAdapter.java:213) ~[spring-beans-5.3.27.jar:5.3.27]
	at org.springframework.beans.factory.support.DefaultSingletonBeanRegistry.destroyBean(DefaultSingletonBeanRegistry.java:587) ~[spring-beans-5.3.27.jar:5.3.27]
	at org.springframework.beans.factory.support.DefaultSingletonBeanRegistry.destroySingleton(DefaultSingletonBeanRegistry.java:559) ~[spring-beans-5.3.27.jar:5.3.27]
	at org.springframework.beans.factory.support.DefaultListableBeanFactory.destroySingleton(DefaultListableBeanFactory.java:1163) ~[spring-beans-5.3.27.jar:5.3.27]
	at org.springframework.beans.factory.support.DefaultSingletonBeanRegistry.destroySingletons(DefaultSingletonBeanRegistry.java:520) ~[spring-beans-5.3.27.jar:5.3.27]
	at org.springframework.beans.factory.support.DefaultListableBeanFactory.destroySingletons(DefaultListableBeanFactory.java:1156) ~[spring-beans-5.3.27.jar:5.3.27]
	at org.springframework.context.support.AbstractApplicationContext.destroyBeans(AbstractApplicationContext.java:1108) ~[spring-context-5.3.27.jar:5.3.27]
	at org.springframework.context.support.AbstractApplicationContext.refresh(AbstractApplicationContext.java:596) ~[spring-context-5.3.27.jar:5.3.27]
	at org.springframework.boot.web.reactive.context.ReactiveWebServerApplicationContext.refresh(ReactiveWebServerApplicationContext.java:66) ~[spring-boot-2.7.12.jar:2.7.12]
	at org.springframework.boot.SpringApplication.refresh(SpringApplication.java:731) ~[spring-boot-2.7.12.jar:2.7.12]
	at org.springframework.boot.SpringApplication.refreshContext(SpringApplication.java:408) ~[spring-boot-2.7.12.jar:2.7.12]
	at org.springframework.boot.SpringApplication.run(SpringApplication.java:307) ~[spring-boot-2.7.12.jar:2.7.12]
	at org.springframework.boot.SpringApplication.run(SpringApplication.java:1303) ~[spring-boot-2.7.12.jar:2.7.12]
	at org.springframework.boot.SpringApplication.run(SpringApplication.java:1292) ~[spring-boot-2.7.12.jar:2.7.12]
	at com.hmall.gateway.GatewayApplication.main(GatewayApplication.java:9) ~[classes/:na]
Caused by: com.alibaba.nacos.api.exception.NacosException: Client not connected, current status:STARTING
	at com.alibaba.nacos.common.remote.client.RpcClient.request(RpcClient.java:650) ~[nacos-client-2.0.4.jar:na]
	at com.alibaba.nacos.common.remote.client.RpcClient.request(RpcClient.java:630) ~[nacos-client-2.0.4.jar:na]
	at com.alibaba.nacos.client.naming.remote.gprc.NamingGrpcClientProxy.requestToServer(NamingGrpcClientProxy.java:280) ~[nacos-client-2.0.4.jar:na]
	... 21 common frames omitted

01:20:36:020 ERROR 19036 --- [com.alibaba.nacos.client.remote.worker] c.a.n.c.remote.client.grpc.GrpcClient    : Server check fail, please check server 110.41.61.31 ,port 9848 is available , error ={}

java.util.concurrent.ExecutionException: com.alibaba.nacos.shaded.io.grpc.StatusRuntimeException: UNAVAILABLE: io exception
	at com.alibaba.nacos.shaded.com.google.common.util.concurrent.AbstractFuture.getDoneValue(AbstractFuture.java:566) ~[nacos-client-2.0.4.jar:na]
	at com.alibaba.nacos.shaded.com.google.common.util.concurrent.AbstractFuture.get(AbstractFuture.java:445) ~[nacos-client-2.0.4.jar:na]
	at com.alibaba.nacos.common.remote.client.grpc.GrpcClient.serverCheck(GrpcClient.java:148) ~[nacos-client-2.0.4.jar:na]
	at com.alibaba.nacos.common.remote.client.grpc.GrpcClient.connectToServer(GrpcClient.java:264) ~[nacos-client-2.0.4.jar:na]
	at com.alibaba.nacos.common.remote.client.RpcClient.reconnect(RpcClient.java:522) ~[nacos-client-2.0.4.jar:na]
	at com.alibaba.nacos.common.remote.client.RpcClient.lambda$start$2(RpcClient.java:370) ~[nacos-client-2.0.4.jar:na]
	at java.base/java.util.concurrent.Executors$RunnableAdapter.call(Executors.java:515) ~[na:na]
	at java.base/java.util.concurrent.FutureTask.run(FutureTask.java:264) ~[na:na]
	at java.base/java.util.concurrent.ScheduledThreadPoolExecutor$ScheduledFutureTask.run(ScheduledThreadPoolExecutor.java:304) ~[na:na]
	at java.base/java.util.concurrent.ThreadPoolExecutor.runWorker(ThreadPoolExecutor.java:1128) ~[na:na]
	at java.base/java.util.concurrent.ThreadPoolExecutor$Worker.run(ThreadPoolExecutor.java:628) ~[na:na]
	at java.base/java.lang.Thread.run(Thread.java:834) ~[na:na]
Caused by: com.alibaba.nacos.shaded.io.grpc.StatusRuntimeException: UNAVAILABLE: io exception
	at com.alibaba.nacos.shaded.io.grpc.Status.asRuntimeException(Status.java:533) ~[nacos-client-2.0.4.jar:na]
	at com.alibaba.nacos.shaded.io.grpc.stub.ClientCalls$UnaryStreamToFuture.onClose(ClientCalls.java:490) ~[nacos-client-2.0.4.jar:na]
	at com.alibaba.nacos.shaded.io.grpc.PartialForwardingClientCallListener.onClose(PartialForwardingClientCallListener.java:39) ~[nacos-client-2.0.4.jar:na]
	at com.alibaba.nacos.shaded.io.grpc.ForwardingClientCallListener.onClose(ForwardingClientCallListener.java:23) ~[nacos-client-2.0.4.jar:na]
	at com.alibaba.nacos.shaded.io.grpc.ForwardingClientCallListener$SimpleForwardingClientCallListener.onClose(ForwardingClientCallListener.java:40) ~[nacos-client-2.0.4.jar:na]
	at com.alibaba.nacos.shaded.io.grpc.internal.CensusStatsModule$StatsClientInterceptor$1$1.onClose(CensusStatsModule.java:700) ~[nacos-client-2.0.4.jar:na]
	at com.alibaba.nacos.shaded.io.grpc.PartialForwardingClientCallListener.onClose(PartialForwardingClientCallListener.java:39) ~[nacos-client-2.0.4.jar:na]
	at com.alibaba.nacos.shaded.io.grpc.ForwardingClientCallListener.onClose(ForwardingClientCallListener.java:23) ~[nacos-client-2.0.4.jar:na]
	at com.alibaba.nacos.shaded.io.grpc.ForwardingClientCallListener$SimpleForwardingClientCallListener.onClose(ForwardingClientCallListener.java:40) ~[nacos-client-2.0.4.jar:na]
	at com.alibaba.nacos.shaded.io.grpc.internal.CensusTracingModule$TracingClientInterceptor$1$1.onClose(CensusTracingModule.java:399) ~[nacos-client-2.0.4.jar:na]
	at com.alibaba.nacos.shaded.io.grpc.internal.ClientCallImpl.closeObserver(ClientCallImpl.java:510) ~[nacos-client-2.0.4.jar:na]
	at com.alibaba.nacos.shaded.io.grpc.internal.ClientCallImpl.access$300(ClientCallImpl.java:66) ~[nacos-client-2.0.4.jar:na]
	at com.alibaba.nacos.shaded.io.grpc.internal.ClientCallImpl$ClientStreamListenerImpl.close(ClientCallImpl.java:630) ~[nacos-client-2.0.4.jar:na]
	at com.alibaba.nacos.shaded.io.grpc.internal.ClientCallImpl$ClientStreamListenerImpl.access$700(ClientCallImpl.java:518) ~[nacos-client-2.0.4.jar:na]
	at com.alibaba.nacos.shaded.io.grpc.internal.ClientCallImpl$ClientStreamListenerImpl$1StreamClosed.runInternal(ClientCallImpl.java:692) ~[nacos-client-2.0.4.jar:na]
	at com.alibaba.nacos.shaded.io.grpc.internal.ClientCallImpl$ClientStreamListenerImpl$1StreamClosed.runInContext(ClientCallImpl.java:681) ~[nacos-client-2.0.4.jar:na]
	at com.alibaba.nacos.shaded.io.grpc.internal.ContextRunnable.run(ContextRunnable.java:37) ~[nacos-client-2.0.4.jar:na]
	at com.alibaba.nacos.shaded.io.grpc.internal.SerializingExecutor.run(SerializingExecutor.java:123) ~[nacos-client-2.0.4.jar:na]
	... 3 common frames omitted
Caused by: com.alibaba.nacos.shaded.io.grpc.netty.shaded.io.netty.channel.AbstractChannel$AnnotatedConnectException: Connection refused: no further information: /110.41.61.31:9848
Caused by: java.net.ConnectException: Connection refused: no further information
	at java.base/sun.nio.ch.SocketChannelImpl.checkConnect(Native Method) ~[na:na]
	at java.base/sun.nio.ch.SocketChannelImpl.finishConnect(SocketChannelImpl.java:779) ~[na:na]
	at com.alibaba.nacos.shaded.io.grpc.netty.shaded.io.netty.channel.socket.nio.NioSocketChannel.doFinishConnect(NioSocketChannel.java:327) ~[nacos-client-2.0.4.jar:na]
	at com.alibaba.nacos.shaded.io.grpc.netty.shaded.io.netty.channel.nio.AbstractNioChannel$AbstractNioUnsafe.finishConnect(AbstractNioChannel.java:336) ~[nacos-client-2.0.4.jar:na]
	at com.alibaba.nacos.shaded.io.grpc.netty.shaded.io.netty.channel.nio.NioEventLoop.processSelectedKey(NioEventLoop.java:685) ~[nacos-client-2.0.4.jar:na]
	at com.alibaba.nacos.shaded.io.grpc.netty.shaded.io.netty.channel.nio.NioEventLoop.processSelectedKeysOptimized(NioEventLoop.java:632) ~[nacos-client-2.0.4.jar:na]
	at com.alibaba.nacos.shaded.io.grpc.netty.shaded.io.netty.channel.nio.NioEventLoop.processSelectedKeys(NioEventLoop.java:549) ~[nacos-client-2.0.4.jar:na]
	at com.alibaba.nacos.shaded.io.grpc.netty.shaded.io.netty.channel.nio.NioEventLoop.run(NioEventLoop.java:511) ~[nacos-client-2.0.4.jar:na]
	at com.alibaba.nacos.shaded.io.grpc.netty.shaded.io.netty.util.concurrent.SingleThreadEventExecutor$5.run(SingleThreadEventExecutor.java:918) ~[nacos-client-2.0.4.jar:na]
	at com.alibaba.nacos.shaded.io.grpc.netty.shaded.io.netty.util.internal.ThreadExecutorMap$2.run(ThreadExecutorMap.java:74) ~[nacos-client-2.0.4.jar:na]
	at com.alibaba.nacos.shaded.io.grpc.netty.shaded.io.netty.util.concurrent.FastThreadLocalRunnable.run(FastThreadLocalRunnable.java:30) ~[nacos-client-2.0.4.jar:na]
	at java.base/java.lang.Thread.run(Thread.java:834) ~[na:na]

01:20:36:021  INFO 19036 --- [com.alibaba.nacos.client.remote.worker] com.alibaba.nacos.common.remote.client   : [b816233e-8d21-4aad-ad8d-6f567dca7f1d_config-0] Fail to connect server, after trying 7 times, last try server is {serverIp = '110.41.61.31', server main port = 8848}, error = unknown
01:20:36:299  INFO 19036 --- [main] ConditionEvaluationReportLoggingListener : 

Error starting ApplicationContext. To display the conditions report re-run your application with 'debug' enabled.
01:20:36:330 ERROR 19036 --- [main] o.s.boot.SpringApplication               : Application run failed

org.springframework.context.ApplicationContextException: Failed to start bean 'webServerStartStop'; nested exception is java.lang.reflect.UndeclaredThrowableException
	at org.springframework.context.support.DefaultLifecycleProcessor.doStart(DefaultLifecycleProcessor.java:181) ~[spring-context-5.3.27.jar:5.3.27]
	at org.springframework.context.support.DefaultLifecycleProcessor.access$200(DefaultLifecycleProcessor.java:54) ~[spring-context-5.3.27.jar:5.3.27]
	at org.springframework.context.support.DefaultLifecycleProcessor$LifecycleGroup.start(DefaultLifecycleProcessor.java:356) ~[spring-context-5.3.27.jar:5.3.27]
	at java.base/java.lang.Iterable.forEach(Iterable.java:75) ~[na:na]
	at org.springframework.context.support.DefaultLifecycleProcessor.startBeans(DefaultLifecycleProcessor.java:155) ~[spring-context-5.3.27.jar:5.3.27]
	at org.springframework.context.support.DefaultLifecycleProcessor.onRefresh(DefaultLifecycleProcessor.java:123) ~[spring-context-5.3.27.jar:5.3.27]
	at org.springframework.context.support.AbstractApplicationContext.finishRefresh(AbstractApplicationContext.java:937) ~[spring-context-5.3.27.jar:5.3.27]
	at org.springframework.context.support.AbstractApplicationContext.refresh(AbstractApplicationContext.java:586) ~[spring-context-5.3.27.jar:5.3.27]
	at org.springframework.boot.web.reactive.context.ReactiveWebServerApplicationContext.refresh(ReactiveWebServerApplicationContext.java:66) ~[spring-boot-2.7.12.jar:2.7.12]
	at org.springframework.boot.SpringApplication.refresh(SpringApplication.java:731) ~[spring-boot-2.7.12.jar:2.7.12]
	at org.springframework.boot.SpringApplication.refreshContext(SpringApplication.java:408) ~[spring-boot-2.7.12.jar:2.7.12]
	at org.springframework.boot.SpringApplication.run(SpringApplication.java:307) ~[spring-boot-2.7.12.jar:2.7.12]
	at org.springframework.boot.SpringApplication.run(SpringApplication.java:1303) ~[spring-boot-2.7.12.jar:2.7.12]
	at org.springframework.boot.SpringApplication.run(SpringApplication.java:1292) ~[spring-boot-2.7.12.jar:2.7.12]
	at com.hmall.gateway.GatewayApplication.main(GatewayApplication.java:9) ~[classes/:na]
Caused by: java.lang.reflect.UndeclaredThrowableException: null
	at org.springframework.util.ReflectionUtils.rethrowRuntimeException(ReflectionUtils.java:147) ~[spring-core-5.3.27.jar:5.3.27]
	at com.alibaba.cloud.nacos.registry.NacosServiceRegistry.register(NacosServiceRegistry.java:82) ~[spring-cloud-starter-alibaba-nacos-discovery-2021.0.4.0.jar:2021.0.4.0]
	at org.springframework.cloud.client.serviceregistry.AbstractAutoServiceRegistration.register(AbstractAutoServiceRegistration.java:232) ~[spring-cloud-commons-3.1.3.jar:3.1.3]
	at com.alibaba.cloud.nacos.registry.NacosAutoServiceRegistration.register(NacosAutoServiceRegistration.java:78) ~[spring-cloud-starter-alibaba-nacos-discovery-2021.0.4.0.jar:2021.0.4.0]
	at org.springframework.cloud.client.serviceregistry.AbstractAutoServiceRegistration.start(AbstractAutoServiceRegistration.java:133) ~[spring-cloud-commons-3.1.3.jar:3.1.3]
	at org.springframework.cloud.client.serviceregistry.AbstractAutoServiceRegistration.bind(AbstractAutoServiceRegistration.java:98) ~[spring-cloud-commons-3.1.3.jar:3.1.3]
	at org.springframework.cloud.client.serviceregistry.AbstractAutoServiceRegistration.onApplicationEvent(AbstractAutoServiceRegistration.java:86) ~[spring-cloud-commons-3.1.3.jar:3.1.3]
	at org.springframework.cloud.client.serviceregistry.AbstractAutoServiceRegistration.onApplicationEvent(AbstractAutoServiceRegistration.java:47) ~[spring-cloud-commons-3.1.3.jar:3.1.3]
	at org.springframework.context.event.SimpleApplicationEventMulticaster.doInvokeListener(SimpleApplicationEventMulticaster.java:176) ~[spring-context-5.3.27.jar:5.3.27]
	at org.springframework.context.event.SimpleApplicationEventMulticaster.invokeListener(SimpleApplicationEventMulticaster.java:169) ~[spring-context-5.3.27.jar:5.3.27]
	at org.springframework.context.event.SimpleApplicationEventMulticaster.multicastEvent(SimpleApplicationEventMulticaster.java:143) ~[spring-context-5.3.27.jar:5.3.27]
	at org.springframework.context.support.AbstractApplicationContext.publishEvent(AbstractApplicationContext.java:421) ~[spring-context-5.3.27.jar:5.3.27]
	at org.springframework.context.support.AbstractApplicationContext.publishEvent(AbstractApplicationContext.java:378) ~[spring-context-5.3.27.jar:5.3.27]
	at org.springframework.boot.web.reactive.context.WebServerManager.start(WebServerManager.java:57) ~[spring-boot-2.7.12.jar:2.7.12]
	at org.springframework.boot.web.reactive.context.WebServerStartStopLifecycle.start(WebServerStartStopLifecycle.java:40) ~[spring-boot-2.7.12.jar:2.7.12]
	at org.springframework.context.support.DefaultLifecycleProcessor.doStart(DefaultLifecycleProcessor.java:178) ~[spring-context-5.3.27.jar:5.3.27]
	... 14 common frames omitted
Caused by: com.alibaba.nacos.api.exception.NacosException: Request nacos server failed: 
	at com.alibaba.nacos.client.naming.remote.gprc.NamingGrpcClientProxy.requestToServer(NamingGrpcClientProxy.java:290) ~[nacos-client-2.0.4.jar:na]
	at com.alibaba.nacos.client.naming.remote.gprc.NamingGrpcClientProxy.doRegisterService(NamingGrpcClientProxy.java:129) ~[nacos-client-2.0.4.jar:na]
	at com.alibaba.nacos.client.naming.remote.gprc.NamingGrpcClientProxy.registerService(NamingGrpcClientProxy.java:115) ~[nacos-client-2.0.4.jar:na]
	at com.alibaba.nacos.client.naming.remote.NamingClientProxyDelegate.registerService(NamingClientProxyDelegate.java:94) ~[nacos-client-2.0.4.jar:na]
	at com.alibaba.nacos.client.naming.NacosNamingService.registerInstance(NacosNamingService.java:145) ~[nacos-client-2.0.4.jar:na]
	at com.alibaba.cloud.nacos.registry.NacosServiceRegistry.register(NacosServiceRegistry.java:74) ~[spring-cloud-starter-alibaba-nacos-discovery-2021.0.4.0.jar:2021.0.4.0]
	... 28 common frames omitted
Caused by: com.alibaba.nacos.api.exception.NacosException: Client not connected, current status:STARTING
	at com.alibaba.nacos.common.remote.client.RpcClient.request(RpcClient.java:650) ~[nacos-client-2.0.4.jar:na]
	at com.alibaba.nacos.common.remote.client.RpcClient.request(RpcClient.java:630) ~[nacos-client-2.0.4.jar:na]
	at com.alibaba.nacos.client.naming.remote.gprc.NamingGrpcClientProxy.requestToServer(NamingGrpcClientProxy.java:280) ~[nacos-client-2.0.4.jar:na]
	... 33 common frames omitted

01:20:36:332  WARN 19036 --- [Thread-1] c.a.n.common.http.HttpClientBeanHolder   : [HttpClientBeanHolder] Start destroying common HttpClient
01:20:36:332  WARN 19036 --- [Thread-5] c.a.nacos.common.notify.NotifyCenter     : [NotifyCenter] Start destroying Publisher
01:20:36:332  WARN 19036 --- [Thread-5] c.a.nacos.common.notify.NotifyCenter     : [NotifyCenter] Destruction of the end
01:20:36:333  WARN 19036 --- [Thread-1] c.a.n.common.http.HttpClientBeanHolder   : [HttpClientBeanHolder] Destruction of the end
01:20:58:466  INFO 18276 --- [main] com.hmall.gateway.GatewayApplication     : The following 1 profile is active: "local"
01:20:58:942  INFO 18276 --- [main] o.s.cloud.context.scope.GenericScope     : BeanFactory id=f3992655-5d5d-3628-8942-d79751412408
01:20:58:994  INFO 18276 --- [main] trationDelegate$BeanPostProcessorChecker : Bean 'org.springframework.cloud.client.loadbalancer.reactive.LoadBalancerBeanPostProcessorAutoConfiguration' of type [org.springframework.cloud.client.loadbalancer.reactive.LoadBalancerBeanPostProcessorAutoConfiguration] is not eligible for getting processed by all BeanPostProcessors (for example: not eligible for auto-proxying)
01:20:58:995  INFO 18276 --- [main] trationDelegate$BeanPostProcessorChecker : Bean 'org.springframework.cloud.client.loadbalancer.reactive.LoadBalancerBeanPostProcessorAutoConfiguration$ReactorDeferringLoadBalancerFilterConfig' of type [org.springframework.cloud.client.loadbalancer.reactive.LoadBalancerBeanPostProcessorAutoConfiguration$ReactorDeferringLoadBalancerFilterConfig] is not eligible for getting processed by all BeanPostProcessors (for example: not eligible for auto-proxying)
01:20:58:996  INFO 18276 --- [main] trationDelegate$BeanPostProcessorChecker : Bean 'reactorDeferringLoadBalancerExchangeFilterFunction' of type [org.springframework.cloud.client.loadbalancer.reactive.DeferringLoadBalancerExchangeFilterFunction] is not eligible for getting processed by all BeanPostProcessors (for example: not eligible for auto-proxying)
01:20:59:044  INFO 18276 --- [com.alibaba.nacos.client.remote.worker] com.alibaba.nacos.common.remote.client   : [548414fc-90a7-4ceb-b043-0733a8d429ee_config-0] Fail to connect server, after trying 2 times, last try server is {serverIp = '110.41.61.31', server main port = 8848}, error = unknown
01:20:59:604 ERROR 18276 --- [main] com.alibaba.nacos.common.remote.client   : Send request fail, request = ConfigQueryRequest{headers={charset=UTF-8, Client-AppName=unknown, Client-RequestToken=bffb8f8fa4ca956bcf6aa8a3019c89d2, Client-RequestTS=1764609659503, exConfigInfo=true, notify=false, Timestamp=1764609659503}, requestId='null'}, retryTimes = 0, errorMessage = Client not connected, current status:STARTING
01:20:59:714 ERROR 18276 --- [main] com.alibaba.nacos.common.remote.client   : Send request fail, request = ConfigQueryRequest{headers={charset=UTF-8, Client-AppName=unknown, Client-RequestToken=bffb8f8fa4ca956bcf6aa8a3019c89d2, Client-RequestTS=1764609659503, exConfigInfo=true, notify=false, Timestamp=1764609659503}, requestId='null'}, retryTimes = 1, errorMessage = Client not connected, current status:STARTING
01:20:59:824 ERROR 18276 --- [main] com.alibaba.nacos.common.remote.client   : Send request fail, request = ConfigQueryRequest{headers={charset=UTF-8, Client-AppName=unknown, Client-RequestToken=bffb8f8fa4ca956bcf6aa8a3019c89d2, Client-RequestTS=1764609659503, exConfigInfo=true, notify=false, Timestamp=1764609659503}, requestId='null'}, retryTimes = 2, errorMessage = Client not connected, current status:STARTING
01:20:59:833 DEBUG 18276 --- [main] c.h.gateway.route.DynamicRouteLoader     : 监听到路由配置变更，[
    {
        "id": "item",
        "predicates": [{
            "name": "Path",
            "args": {"_genkey_0":"/items/**", "_genkey_1":"/search/**"}
        }],
        "filters": [],
        "uri": "lb://item-service"
    },
    {
        "id": "cart",
        "predicates": [{
            "name": "Path",
            "args": {"_genkey_0":"/carts/**"}
        }],
        "filters": [],
        "uri": "lb://cart-service"
    },
    {
        "id": "user",
        "predicates": [{
            "name": "Path",
            "args": {"_genkey_0":"/users/**", "_genkey_1":"/addresses/**"}
        }],
        "filters": [],
        "uri": "lb://user-service"
    },
    {
        "id": "trade",
        "predicates": [{
            "name": "Path",
            "args": {"_genkey_0":"/orders/**"}
        }],
        "filters": [],
        "uri": "lb://trade-service"
    },
    {
        "id": "pay",
        "predicates": [{
            "name": "Path",
            "args": {"_genkey_0":"/pay-orders/**"}
        }],
        "filters": [],
        "uri": "lb://pay-service"
    }
]
01:20:59:951 ERROR 18276 --- [com.alibaba.nacos.client.Worker] com.alibaba.nacos.common.remote.client   : Send request fail, request = ConfigBatchListenRequest{headers={charset=UTF-8, Client-AppName=unknown, Client-RequestToken=0f8fe356c4f4e5ef2b709ac4cbdb86b1, Client-RequestTS=1764609659834, exConfigInfo=true, Timestamp=1764609659834}, requestId='null'}, retryTimes = 0, errorMessage = Client not connected, current status:STARTING
01:21:00:060 ERROR 18276 --- [com.alibaba.nacos.client.Worker] com.alibaba.nacos.common.remote.client   : Send request fail, request = ConfigBatchListenRequest{headers={charset=UTF-8, Client-AppName=unknown, Client-RequestToken=0f8fe356c4f4e5ef2b709ac4cbdb86b1, Client-RequestTS=1764609659834, exConfigInfo=true, Timestamp=1764609659834}, requestId='null'}, retryTimes = 1, errorMessage = Client not connected, current status:STARTING
01:21:00:170 ERROR 18276 --- [com.alibaba.nacos.client.Worker] com.alibaba.nacos.common.remote.client   : Send request fail, request = ConfigBatchListenRequest{headers={charset=UTF-8, Client-AppName=unknown, Client-RequestToken=0f8fe356c4f4e5ef2b709ac4cbdb86b1, Client-RequestTS=1764609659834, exConfigInfo=true, Timestamp=1764609659834}, requestId='null'}, retryTimes = 2, errorMessage = Client not connected, current status:STARTING
01:21:00:244  INFO 18276 --- [com.alibaba.nacos.client.remote.worker] com.alibaba.nacos.common.remote.client   : [548414fc-90a7-4ceb-b043-0733a8d429ee_config-0] Fail to connect server, after trying 3 times, last try server is {serverIp = '110.41.61.31', server main port = 8848}, error = unknown
01:21:00:679  INFO 18276 --- [main] o.s.c.g.r.RouteDefinitionRouteLocator    : Loaded RoutePredicateFactory [After]
01:21:00:679  INFO 18276 --- [main] o.s.c.g.r.RouteDefinitionRouteLocator    : Loaded RoutePredicateFactory [Before]
01:21:00:679  INFO 18276 --- [main] o.s.c.g.r.RouteDefinitionRouteLocator    : Loaded RoutePredicateFactory [Between]
01:21:00:679  INFO 18276 --- [main] o.s.c.g.r.RouteDefinitionRouteLocator    : Loaded RoutePredicateFactory [Cookie]
01:21:00:679  INFO 18276 --- [main] o.s.c.g.r.RouteDefinitionRouteLocator    : Loaded RoutePredicateFactory [Header]
01:21:00:679  INFO 18276 --- [main] o.s.c.g.r.RouteDefinitionRouteLocator    : Loaded RoutePredicateFactory [Host]
01:21:00:679  INFO 18276 --- [main] o.s.c.g.r.RouteDefinitionRouteLocator    : Loaded RoutePredicateFactory [Method]
01:21:00:679  INFO 18276 --- [main] o.s.c.g.r.RouteDefinitionRouteLocator    : Loaded RoutePredicateFactory [Path]
01:21:00:679  INFO 18276 --- [main] o.s.c.g.r.RouteDefinitionRouteLocator    : Loaded RoutePredicateFactory [Query]
01:21:00:679  INFO 18276 --- [main] o.s.c.g.r.RouteDefinitionRouteLocator    : Loaded RoutePredicateFactory [ReadBody]
01:21:00:679  INFO 18276 --- [main] o.s.c.g.r.RouteDefinitionRouteLocator    : Loaded RoutePredicateFactory [RemoteAddr]
01:21:00:679  INFO 18276 --- [main] o.s.c.g.r.RouteDefinitionRouteLocator    : Loaded RoutePredicateFactory [XForwardedRemoteAddr]
01:21:00:679  INFO 18276 --- [main] o.s.c.g.r.RouteDefinitionRouteLocator    : Loaded RoutePredicateFactory [Weight]
01:21:00:679  INFO 18276 --- [main] o.s.c.g.r.RouteDefinitionRouteLocator    : Loaded RoutePredicateFactory [CloudFoundryRouteService]
01:21:01:174  INFO 18276 --- [com.alibaba.nacos.client.remote.worker] com.alibaba.nacos.common.remote.client   : [548414fc-90a7-4ceb-b043-0733a8d429ee_config-0] Fail to connect server, after trying 4 times, last try server is {serverIp = '110.41.61.31', server main port = 8848}, error = unknown
01:21:01:223  INFO 18276 --- [main] com.alibaba.nacos.common.remote.client   : [RpcClientFactory] create a new rpc client of dbf562ef-7ae2-4b28-9dda-8a53f8177d8f
01:21:01:224  INFO 18276 --- [main] com.alibaba.nacos.common.remote.client   : [dbf562ef-7ae2-4b28-9dda-8a53f8177d8f] RpcClient init label, labels = {module=naming, source=sdk}
01:21:01:226  INFO 18276 --- [main] com.alibaba.nacos.common.remote.client   : [dbf562ef-7ae2-4b28-9dda-8a53f8177d8f] RpcClient init, ServerListFactory = com.alibaba.nacos.client.naming.core.ServerListManager
01:21:01:226  INFO 18276 --- [main] com.alibaba.nacos.common.remote.client   : [dbf562ef-7ae2-4b28-9dda-8a53f8177d8f] Registry connection listener to current client:com.alibaba.nacos.client.naming.remote.gprc.redo.NamingGrpcRedoService
01:21:01:227  INFO 18276 --- [main] com.alibaba.nacos.common.remote.client   : [dbf562ef-7ae2-4b28-9dda-8a53f8177d8f] Register server push request handler:com.alibaba.nacos.client.naming.remote.gprc.NamingPushRequestHandler
01:21:01:227  INFO 18276 --- [main] com.alibaba.nacos.common.remote.client   : [dbf562ef-7ae2-4b28-9dda-8a53f8177d8f] Try to connect to server on start up, server: {serverIp = '110.41.61.31', server main port = 8848}
01:21:01:599  INFO 18276 --- [main] com.alibaba.nacos.common.remote.client   : [dbf562ef-7ae2-4b28-9dda-8a53f8177d8f] Success to connect to server [110.41.61.31:8848] on start up, connectionId = 1764609660357_120.32.141.64_5896
01:21:01:599  INFO 18276 --- [main] com.alibaba.nacos.common.remote.client   : [dbf562ef-7ae2-4b28-9dda-8a53f8177d8f] Register server push request handler:com.alibaba.nacos.common.remote.client.RpcClient$ConnectResetRequestHandler
01:21:01:599  INFO 18276 --- [com.alibaba.nacos.client.remote.worker] com.alibaba.nacos.common.remote.client   : [dbf562ef-7ae2-4b28-9dda-8a53f8177d8f] Notify connected event to listeners.
01:21:01:599  INFO 18276 --- [main] com.alibaba.nacos.common.remote.client   : [dbf562ef-7ae2-4b28-9dda-8a53f8177d8f] Register server push request handler:com.alibaba.nacos.common.remote.client.RpcClient$$Lambda$468/0x00000008004f7c40
01:21:02:043  INFO 18276 --- [com.alibaba.nacos.client.remote.worker] com.alibaba.nacos.common.remote.client   : [548414fc-90a7-4ceb-b043-0733a8d429ee_config-0] Success to connect a server [110.41.61.31:8848], connectionId = 1764609660812_120.32.141.64_5898
01:21:02:043  INFO 18276 --- [main] o.s.b.web.embedded.netty.NettyWebServer  : Netty started on port 8080
01:21:02:043  INFO 18276 --- [com.alibaba.nacos.client.remote.worker] com.alibaba.nacos.common.remote.client   : [548414fc-90a7-4ceb-b043-0733a8d429ee_config-0] Notify connected event to listeners.
01:21:02:328  INFO 18276 --- [nacos-grpc-client-executor-6] com.alibaba.nacos.common.remote.client   : [dbf562ef-7ae2-4b28-9dda-8a53f8177d8f] Receive server push request, request = NotifySubscriberRequest, requestId = 1
01:21:02:329  INFO 18276 --- [nacos-grpc-client-executor-6] com.alibaba.nacos.common.remote.client   : [dbf562ef-7ae2-4b28-9dda-8a53f8177d8f] Ack server push request, request = NotifySubscriberRequest, requestId = 1
01:21:02:524  INFO 18276 --- [main] c.a.c.n.registry.NacosServiceRegistry    : nacos registry, DEFAULT_GROUP gateway 192.168.212.91:8080 register finished
01:21:02:541  INFO 18276 --- [main] com.hmall.gateway.GatewayApplication     : Started GatewayApplication in 11.139 seconds (JVM running for 11.825)
01:21:02:545  INFO 18276 --- [main] c.a.c.n.refresh.NacosContextRefresher    : [Nacos Config] Listening config: dataId=gateway.yaml, group=DEFAULT_GROUP
01:21:02:546  INFO 18276 --- [main] c.a.c.n.refresh.NacosContextRefresher    : [Nacos Config] Listening config: dataId=gateway, group=DEFAULT_GROUP
01:21:02:546  INFO 18276 --- [main] c.a.c.n.refresh.NacosContextRefresher    : [Nacos Config] Listening config: dataId=gateway-local.yaml, group=DEFAULT_GROUP
01:21:03:183  INFO 18276 --- [nacos-grpc-client-executor-10] com.alibaba.nacos.common.remote.client   : [dbf562ef-7ae2-4b28-9dda-8a53f8177d8f] Receive server push request, request = NotifySubscriberRequest, requestId = 3
01:21:03:185  INFO 18276 --- [nacos-grpc-client-executor-10] com.alibaba.nacos.common.remote.client   : [dbf562ef-7ae2-4b28-9dda-8a53f8177d8f] Ack server push request, request = NotifySubscriberRequest, requestId = 3
01:21:08:095 ERROR 18276 --- [nacos-grpc-client-executor-11] c.a.n.c.remote.client.grpc.GrpcClient    : [1764609660357_120.32.141.64_5896]Request stream error, switch server,error={}

com.alibaba.nacos.shaded.io.grpc.StatusRuntimeException: CANCELLED: HTTP/2 error code: CANCEL
Received Rst Stream
	at com.alibaba.nacos.shaded.io.grpc.Status.asRuntimeException(Status.java:533) ~[nacos-client-2.0.4.jar:na]
	at com.alibaba.nacos.shaded.io.grpc.stub.ClientCalls$StreamObserverToCallListenerAdapter.onClose(ClientCalls.java:442) ~[nacos-client-2.0.4.jar:na]
	at com.alibaba.nacos.shaded.io.grpc.PartialForwardingClientCallListener.onClose(PartialForwardingClientCallListener.java:39) ~[nacos-client-2.0.4.jar:na]
	at com.alibaba.nacos.shaded.io.grpc.ForwardingClientCallListener.onClose(ForwardingClientCallListener.java:23) ~[nacos-client-2.0.4.jar:na]
	at com.alibaba.nacos.shaded.io.grpc.ForwardingClientCallListener$SimpleForwardingClientCallListener.onClose(ForwardingClientCallListener.java:40) ~[nacos-client-2.0.4.jar:na]
	at com.alibaba.nacos.shaded.io.grpc.internal.CensusStatsModule$StatsClientInterceptor$1$1.onClose(CensusStatsModule.java:700) ~[nacos-client-2.0.4.jar:na]
	at com.alibaba.nacos.shaded.io.grpc.PartialForwardingClientCallListener.onClose(PartialForwardingClientCallListener.java:39) ~[nacos-client-2.0.4.jar:na]
	at com.alibaba.nacos.shaded.io.grpc.ForwardingClientCallListener.onClose(ForwardingClientCallListener.java:23) ~[nacos-client-2.0.4.jar:na]
	at com.alibaba.nacos.shaded.io.grpc.ForwardingClientCallListener$SimpleForwardingClientCallListener.onClose(ForwardingClientCallListener.java:40) ~[nacos-client-2.0.4.jar:na]
	at com.alibaba.nacos.shaded.io.grpc.internal.CensusTracingModule$TracingClientInterceptor$1$1.onClose(CensusTracingModule.java:399) ~[nacos-client-2.0.4.jar:na]
	at com.alibaba.nacos.shaded.io.grpc.internal.ClientCallImpl.closeObserver(ClientCallImpl.java:510) ~[nacos-client-2.0.4.jar:na]
	at com.alibaba.nacos.shaded.io.grpc.internal.ClientCallImpl.access$300(ClientCallImpl.java:66) ~[nacos-client-2.0.4.jar:na]
	at com.alibaba.nacos.shaded.io.grpc.internal.ClientCallImpl$ClientStreamListenerImpl.close(ClientCallImpl.java:630) ~[nacos-client-2.0.4.jar:na]
	at com.alibaba.nacos.shaded.io.grpc.internal.ClientCallImpl$ClientStreamListenerImpl.access$700(ClientCallImpl.java:518) ~[nacos-client-2.0.4.jar:na]
	at com.alibaba.nacos.shaded.io.grpc.internal.ClientCallImpl$ClientStreamListenerImpl$1StreamClosed.runInternal(ClientCallImpl.java:692) ~[nacos-client-2.0.4.jar:na]
	at com.alibaba.nacos.shaded.io.grpc.internal.ClientCallImpl$ClientStreamListenerImpl$1StreamClosed.runInContext(ClientCallImpl.java:681) ~[nacos-client-2.0.4.jar:na]
	at com.alibaba.nacos.shaded.io.grpc.internal.ContextRunnable.run(ContextRunnable.java:37) ~[nacos-client-2.0.4.jar:na]
	at com.alibaba.nacos.shaded.io.grpc.internal.SerializingExecutor.run(SerializingExecutor.java:123) ~[nacos-client-2.0.4.jar:na]
	at java.base/java.util.concurrent.ThreadPoolExecutor.runWorker(ThreadPoolExecutor.java:1128) ~[na:na]
	at java.base/java.util.concurrent.ThreadPoolExecutor$Worker.run(ThreadPoolExecutor.java:628) ~[na:na]
	at java.base/java.lang.Thread.run(Thread.java:834) ~[na:na]

01:21:08:095 ERROR 18276 --- [nacos-grpc-client-executor-29] c.a.n.c.remote.client.grpc.GrpcClient    : [1764609660812_120.32.141.64_5898]Request stream error, switch server,error={}

com.alibaba.nacos.shaded.io.grpc.StatusRuntimeException: CANCELLED: HTTP/2 error code: CANCEL
Received Rst Stream
	at com.alibaba.nacos.shaded.io.grpc.Status.asRuntimeException(Status.java:533) ~[nacos-client-2.0.4.jar:na]
	at com.alibaba.nacos.shaded.io.grpc.stub.ClientCalls$StreamObserverToCallListenerAdapter.onClose(ClientCalls.java:442) ~[nacos-client-2.0.4.jar:na]
	at com.alibaba.nacos.shaded.io.grpc.PartialForwardingClientCallListener.onClose(PartialForwardingClientCallListener.java:39) ~[nacos-client-2.0.4.jar:na]
	at com.alibaba.nacos.shaded.io.grpc.ForwardingClientCallListener.onClose(ForwardingClientCallListener.java:23) ~[nacos-client-2.0.4.jar:na]
	at com.alibaba.nacos.shaded.io.grpc.ForwardingClientCallListener$SimpleForwardingClientCallListener.onClose(ForwardingClientCallListener.java:40) ~[nacos-client-2.0.4.jar:na]
	at com.alibaba.nacos.shaded.io.grpc.internal.CensusStatsModule$StatsClientInterceptor$1$1.onClose(CensusStatsModule.java:700) ~[nacos-client-2.0.4.jar:na]
	at com.alibaba.nacos.shaded.io.grpc.PartialForwardingClientCallListener.onClose(PartialForwardingClientCallListener.java:39) ~[nacos-client-2.0.4.jar:na]
	at com.alibaba.nacos.shaded.io.grpc.ForwardingClientCallListener.onClose(ForwardingClientCallListener.java:23) ~[nacos-client-2.0.4.jar:na]
	at com.alibaba.nacos.shaded.io.grpc.ForwardingClientCallListener$SimpleForwardingClientCallListener.onClose(ForwardingClientCallListener.java:40) ~[nacos-client-2.0.4.jar:na]
	at com.alibaba.nacos.shaded.io.grpc.internal.CensusTracingModule$TracingClientInterceptor$1$1.onClose(CensusTracingModule.java:399) ~[nacos-client-2.0.4.jar:na]
	at com.alibaba.nacos.shaded.io.grpc.internal.ClientCallImpl.closeObserver(ClientCallImpl.java:510) ~[nacos-client-2.0.4.jar:na]
	at com.alibaba.nacos.shaded.io.grpc.internal.ClientCallImpl.access$300(ClientCallImpl.java:66) ~[nacos-client-2.0.4.jar:na]
	at com.alibaba.nacos.shaded.io.grpc.internal.ClientCallImpl$ClientStreamListenerImpl.close(ClientCallImpl.java:630) ~[nacos-client-2.0.4.jar:na]
	at com.alibaba.nacos.shaded.io.grpc.internal.ClientCallImpl$ClientStreamListenerImpl.access$700(ClientCallImpl.java:518) ~[nacos-client-2.0.4.jar:na]
	at com.alibaba.nacos.shaded.io.grpc.internal.ClientCallImpl$ClientStreamListenerImpl$1StreamClosed.runInternal(ClientCallImpl.java:692) ~[nacos-client-2.0.4.jar:na]
	at com.alibaba.nacos.shaded.io.grpc.internal.ClientCallImpl$ClientStreamListenerImpl$1StreamClosed.runInContext(ClientCallImpl.java:681) ~[nacos-client-2.0.4.jar:na]
	at com.alibaba.nacos.shaded.io.grpc.internal.ContextRunnable.run(ContextRunnable.java:37) ~[nacos-client-2.0.4.jar:na]
	at com.alibaba.nacos.shaded.io.grpc.internal.SerializingExecutor.run(SerializingExecutor.java:123) ~[nacos-client-2.0.4.jar:na]
	at java.base/java.util.concurrent.ThreadPoolExecutor.runWorker(ThreadPoolExecutor.java:1128) ~[na:na]
	at java.base/java.util.concurrent.ThreadPoolExecutor$Worker.run(ThreadPoolExecutor.java:628) ~[na:na]
	at java.base/java.lang.Thread.run(Thread.java:834) ~[na:na]

01:21:08:095  INFO 18276 --- [com.alibaba.nacos.client.remote.worker] com.alibaba.nacos.common.remote.client   : [dbf562ef-7ae2-4b28-9dda-8a53f8177d8f] Try to reconnect to a new server, server is  not appointed, will choose a random server.
01:21:08:095  INFO 18276 --- [com.alibaba.nacos.client.remote.worker] com.alibaba.nacos.common.remote.client   : [548414fc-90a7-4ceb-b043-0733a8d429ee_config-0] Try to reconnect to a new server, server is  not appointed, will choose a random server.
01:21:10:666 ERROR 18276 --- [com.alibaba.nacos.client.remote.worker] c.a.n.c.remote.client.grpc.GrpcClient    : Server check fail, please check server 110.41.61.31 ,port 9848 is available , error ={}

java.util.concurrent.ExecutionException: com.alibaba.nacos.shaded.io.grpc.StatusRuntimeException: UNAVAILABLE: io exception
	at com.alibaba.nacos.shaded.com.google.common.util.concurrent.AbstractFuture.getDoneValue(AbstractFuture.java:566) ~[nacos-client-2.0.4.jar:na]
	at com.alibaba.nacos.shaded.com.google.common.util.concurrent.AbstractFuture.get(AbstractFuture.java:445) ~[nacos-client-2.0.4.jar:na]
	at com.alibaba.nacos.common.remote.client.grpc.GrpcClient.serverCheck(GrpcClient.java:148) ~[nacos-client-2.0.4.jar:na]
	at com.alibaba.nacos.common.remote.client.grpc.GrpcClient.connectToServer(GrpcClient.java:264) ~[nacos-client-2.0.4.jar:na]
	at com.alibaba.nacos.common.remote.client.RpcClient.reconnect(RpcClient.java:522) ~[nacos-client-2.0.4.jar:na]
	at com.alibaba.nacos.common.remote.client.RpcClient.lambda$start$2(RpcClient.java:370) ~[nacos-client-2.0.4.jar:na]
	at java.base/java.util.concurrent.Executors$RunnableAdapter.call(Executors.java:515) ~[na:na]
	at java.base/java.util.concurrent.FutureTask.run(FutureTask.java:264) ~[na:na]
	at java.base/java.util.concurrent.ScheduledThreadPoolExecutor$ScheduledFutureTask.run(ScheduledThreadPoolExecutor.java:304) ~[na:na]
	at java.base/java.util.concurrent.ThreadPoolExecutor.runWorker(ThreadPoolExecutor.java:1128) ~[na:na]
	at java.base/java.util.concurrent.ThreadPoolExecutor$Worker.run(ThreadPoolExecutor.java:628) ~[na:na]
	at java.base/java.lang.Thread.run(Thread.java:834) ~[na:na]
Caused by: com.alibaba.nacos.shaded.io.grpc.StatusRuntimeException: UNAVAILABLE: io exception
	at com.alibaba.nacos.shaded.io.grpc.Status.asRuntimeException(Status.java:533) ~[nacos-client-2.0.4.jar:na]
	at com.alibaba.nacos.shaded.io.grpc.stub.ClientCalls$UnaryStreamToFuture.onClose(ClientCalls.java:490) ~[nacos-client-2.0.4.jar:na]
	at com.alibaba.nacos.shaded.io.grpc.PartialForwardingClientCallListener.onClose(PartialForwardingClientCallListener.java:39) ~[nacos-client-2.0.4.jar:na]
	at com.alibaba.nacos.shaded.io.grpc.ForwardingClientCallListener.onClose(ForwardingClientCallListener.java:23) ~[nacos-client-2.0.4.jar:na]
	at com.alibaba.nacos.shaded.io.grpc.ForwardingClientCallListener$SimpleForwardingClientCallListener.onClose(ForwardingClientCallListener.java:40) ~[nacos-client-2.0.4.jar:na]
	at com.alibaba.nacos.shaded.io.grpc.internal.CensusStatsModule$StatsClientInterceptor$1$1.onClose(CensusStatsModule.java:700) ~[nacos-client-2.0.4.jar:na]
	at com.alibaba.nacos.shaded.io.grpc.PartialForwardingClientCallListener.onClose(PartialForwardingClientCallListener.java:39) ~[nacos-client-2.0.4.jar:na]
	at com.alibaba.nacos.shaded.io.grpc.ForwardingClientCallListener.onClose(ForwardingClientCallListener.java:23) ~[nacos-client-2.0.4.jar:na]
	at com.alibaba.nacos.shaded.io.grpc.ForwardingClientCallListener$SimpleForwardingClientCallListener.onClose(ForwardingClientCallListener.java:40) ~[nacos-client-2.0.4.jar:na]
	at com.alibaba.nacos.shaded.io.grpc.internal.CensusTracingModule$TracingClientInterceptor$1$1.onClose(CensusTracingModule.java:399) ~[nacos-client-2.0.4.jar:na]
	at com.alibaba.nacos.shaded.io.grpc.internal.ClientCallImpl.closeObserver(ClientCallImpl.java:510) ~[nacos-client-2.0.4.jar:na]
	at com.alibaba.nacos.shaded.io.grpc.internal.ClientCallImpl.access$300(ClientCallImpl.java:66) ~[nacos-client-2.0.4.jar:na]
	at com.alibaba.nacos.shaded.io.grpc.internal.ClientCallImpl$ClientStreamListenerImpl.close(ClientCallImpl.java:630) ~[nacos-client-2.0.4.jar:na]
	at com.alibaba.nacos.shaded.io.grpc.internal.ClientCallImpl$ClientStreamListenerImpl.access$700(ClientCallImpl.java:518) ~[nacos-client-2.0.4.jar:na]
	at com.alibaba.nacos.shaded.io.grpc.internal.ClientCallImpl$ClientStreamListenerImpl$1StreamClosed.runInternal(ClientCallImpl.java:692) ~[nacos-client-2.0.4.jar:na]
	at com.alibaba.nacos.shaded.io.grpc.internal.ClientCallImpl$ClientStreamListenerImpl$1StreamClosed.runInContext(ClientCallImpl.java:681) ~[nacos-client-2.0.4.jar:na]
	at com.alibaba.nacos.shaded.io.grpc.internal.ContextRunnable.run(ContextRunnable.java:37) ~[nacos-client-2.0.4.jar:na]
	at com.alibaba.nacos.shaded.io.grpc.internal.SerializingExecutor.run(SerializingExecutor.java:123) ~[nacos-client-2.0.4.jar:na]
	... 3 common frames omitted
Caused by: com.alibaba.nacos.shaded.io.grpc.netty.shaded.io.netty.channel.AbstractChannel$AnnotatedConnectException: Connection refused: no further information: /110.41.61.31:9848
Caused by: java.net.ConnectException: Connection refused: no further information
	at java.base/sun.nio.ch.SocketChannelImpl.checkConnect(Native Method) ~[na:na]
	at java.base/sun.nio.ch.SocketChannelImpl.finishConnect(SocketChannelImpl.java:779) ~[na:na]
	at com.alibaba.nacos.shaded.io.grpc.netty.shaded.io.netty.channel.socket.nio.NioSocketChannel.doFinishConnect(NioSocketChannel.java:327) ~[nacos-client-2.0.4.jar:na]
	at com.alibaba.nacos.shaded.io.grpc.netty.shaded.io.netty.channel.nio.AbstractNioChannel$AbstractNioUnsafe.finishConnect(AbstractNioChannel.java:336) ~[nacos-client-2.0.4.jar:na]
	at com.alibaba.nacos.shaded.io.grpc.netty.shaded.io.netty.channel.nio.NioEventLoop.processSelectedKey(NioEventLoop.java:685) ~[nacos-client-2.0.4.jar:na]
	at com.alibaba.nacos.shaded.io.grpc.netty.shaded.io.netty.channel.nio.NioEventLoop.processSelectedKeysOptimized(NioEventLoop.java:632) ~[nacos-client-2.0.4.jar:na]
	at com.alibaba.nacos.shaded.io.grpc.netty.shaded.io.netty.channel.nio.NioEventLoop.processSelectedKeys(NioEventLoop.java:549) ~[nacos-client-2.0.4.jar:na]
	at com.alibaba.nacos.shaded.io.grpc.netty.shaded.io.netty.channel.nio.NioEventLoop.run(NioEventLoop.java:511) ~[nacos-client-2.0.4.jar:na]
	at com.alibaba.nacos.shaded.io.grpc.netty.shaded.io.netty.util.concurrent.SingleThreadEventExecutor$5.run(SingleThreadEventExecutor.java:918) ~[nacos-client-2.0.4.jar:na]
	at com.alibaba.nacos.shaded.io.grpc.netty.shaded.io.netty.util.internal.ThreadExecutorMap$2.run(ThreadExecutorMap.java:74) ~[nacos-client-2.0.4.jar:na]
	at com.alibaba.nacos.shaded.io.grpc.netty.shaded.io.netty.util.concurrent.FastThreadLocalRunnable.run(FastThreadLocalRunnable.java:30) ~[nacos-client-2.0.4.jar:na]
	at java.base/java.lang.Thread.run(Thread.java:834) ~[na:na]

01:21:10:666 ERROR 18276 --- [com.alibaba.nacos.client.remote.worker] c.a.n.c.remote.client.grpc.GrpcClient    : Server check fail, please check server 110.41.61.31 ,port 9848 is available , error ={}

java.util.concurrent.ExecutionException: com.alibaba.nacos.shaded.io.grpc.StatusRuntimeException: UNAVAILABLE: io exception
	at com.alibaba.nacos.shaded.com.google.common.util.concurrent.AbstractFuture.getDoneValue(AbstractFuture.java:566) ~[nacos-client-2.0.4.jar:na]
	at com.alibaba.nacos.shaded.com.google.common.util.concurrent.AbstractFuture.get(AbstractFuture.java:445) ~[nacos-client-2.0.4.jar:na]
	at com.alibaba.nacos.common.remote.client.grpc.GrpcClient.serverCheck(GrpcClient.java:148) ~[nacos-client-2.0.4.jar:na]
	at com.alibaba.nacos.common.remote.client.grpc.GrpcClient.connectToServer(GrpcClient.java:264) ~[nacos-client-2.0.4.jar:na]
	at com.alibaba.nacos.common.remote.client.RpcClient.reconnect(RpcClient.java:522) ~[nacos-client-2.0.4.jar:na]
	at com.alibaba.nacos.common.remote.client.RpcClient.lambda$start$2(RpcClient.java:370) ~[nacos-client-2.0.4.jar:na]
	at java.base/java.util.concurrent.Executors$RunnableAdapter.call(Executors.java:515) ~[na:na]
	at java.base/java.util.concurrent.FutureTask.run(FutureTask.java:264) ~[na:na]
	at java.base/java.util.concurrent.ScheduledThreadPoolExecutor$ScheduledFutureTask.run(ScheduledThreadPoolExecutor.java:304) ~[na:na]
	at java.base/java.util.concurrent.ThreadPoolExecutor.runWorker(ThreadPoolExecutor.java:1128) ~[na:na]
	at java.base/java.util.concurrent.ThreadPoolExecutor$Worker.run(ThreadPoolExecutor.java:628) ~[na:na]
	at java.base/java.lang.Thread.run(Thread.java:834) ~[na:na]
Caused by: com.alibaba.nacos.shaded.io.grpc.StatusRuntimeException: UNAVAILABLE: io exception
	at com.alibaba.nacos.shaded.io.grpc.Status.asRuntimeException(Status.java:533) ~[nacos-client-2.0.4.jar:na]
	at com.alibaba.nacos.shaded.io.grpc.stub.ClientCalls$UnaryStreamToFuture.onClose(ClientCalls.java:490) ~[nacos-client-2.0.4.jar:na]
	at com.alibaba.nacos.shaded.io.grpc.PartialForwardingClientCallListener.onClose(PartialForwardingClientCallListener.java:39) ~[nacos-client-2.0.4.jar:na]
	at com.alibaba.nacos.shaded.io.grpc.ForwardingClientCallListener.onClose(ForwardingClientCallListener.java:23) ~[nacos-client-2.0.4.jar:na]
	at com.alibaba.nacos.shaded.io.grpc.ForwardingClientCallListener$SimpleForwardingClientCallListener.onClose(ForwardingClientCallListener.java:40) ~[nacos-client-2.0.4.jar:na]
	at com.alibaba.nacos.shaded.io.grpc.internal.CensusStatsModule$StatsClientInterceptor$1$1.onClose(CensusStatsModule.java:700) ~[nacos-client-2.0.4.jar:na]
	at com.alibaba.nacos.shaded.io.grpc.PartialForwardingClientCallListener.onClose(PartialForwardingClientCallListener.java:39) ~[nacos-client-2.0.4.jar:na]
	at com.alibaba.nacos.shaded.io.grpc.ForwardingClientCallListener.onClose(ForwardingClientCallListener.java:23) ~[nacos-client-2.0.4.jar:na]
	at com.alibaba.nacos.shaded.io.grpc.ForwardingClientCallListener$SimpleForwardingClientCallListener.onClose(ForwardingClientCallListener.java:40) ~[nacos-client-2.0.4.jar:na]
	at com.alibaba.nacos.shaded.io.grpc.internal.CensusTracingModule$TracingClientInterceptor$1$1.onClose(CensusTracingModule.java:399) ~[nacos-client-2.0.4.jar:na]
	at com.alibaba.nacos.shaded.io.grpc.internal.ClientCallImpl.closeObserver(ClientCallImpl.java:510) ~[nacos-client-2.0.4.jar:na]
	at com.alibaba.nacos.shaded.io.grpc.internal.ClientCallImpl.access$300(ClientCallImpl.java:66) ~[nacos-client-2.0.4.jar:na]
	at com.alibaba.nacos.shaded.io.grpc.internal.ClientCallImpl$ClientStreamListenerImpl.close(ClientCallImpl.java:630) ~[nacos-client-2.0.4.jar:na]
	at com.alibaba.nacos.shaded.io.grpc.internal.ClientCallImpl$ClientStreamListenerImpl.access$700(ClientCallImpl.java:518) ~[nacos-client-2.0.4.jar:na]
	at com.alibaba.nacos.shaded.io.grpc.internal.ClientCallImpl$ClientStreamListenerImpl$1StreamClosed.runInternal(ClientCallImpl.java:692) ~[nacos-client-2.0.4.jar:na]
	at com.alibaba.nacos.shaded.io.grpc.internal.ClientCallImpl$ClientStreamListenerImpl$1StreamClosed.runInContext(ClientCallImpl.java:681) ~[nacos-client-2.0.4.jar:na]
	at com.alibaba.nacos.shaded.io.grpc.internal.ContextRunnable.run(ContextRunnable.java:37) ~[nacos-client-2.0.4.jar:na]
	at com.alibaba.nacos.shaded.io.grpc.internal.SerializingExecutor.run(SerializingExecutor.java:123) ~[nacos-client-2.0.4.jar:na]
	... 3 common frames omitted
Caused by: com.alibaba.nacos.shaded.io.grpc.netty.shaded.io.netty.channel.AbstractChannel$AnnotatedConnectException: Connection refused: no further information: /110.41.61.31:9848
Caused by: java.net.ConnectException: Connection refused: no further information
	at java.base/sun.nio.ch.SocketChannelImpl.checkConnect(Native Method) ~[na:na]
	at java.base/sun.nio.ch.SocketChannelImpl.finishConnect(SocketChannelImpl.java:779) ~[na:na]
	at com.alibaba.nacos.shaded.io.grpc.netty.shaded.io.netty.channel.socket.nio.NioSocketChannel.doFinishConnect(NioSocketChannel.java:327) ~[nacos-client-2.0.4.jar:na]
	at com.alibaba.nacos.shaded.io.grpc.netty.shaded.io.netty.channel.nio.AbstractNioChannel$AbstractNioUnsafe.finishConnect(AbstractNioChannel.java:336) ~[nacos-client-2.0.4.jar:na]
	at com.alibaba.nacos.shaded.io.grpc.netty.shaded.io.netty.channel.nio.NioEventLoop.processSelectedKey(NioEventLoop.java:685) ~[nacos-client-2.0.4.jar:na]
	at com.alibaba.nacos.shaded.io.grpc.netty.shaded.io.netty.channel.nio.NioEventLoop.processSelectedKeysOptimized(NioEventLoop.java:632) ~[nacos-client-2.0.4.jar:na]
	at com.alibaba.nacos.shaded.io.grpc.netty.shaded.io.netty.channel.nio.NioEventLoop.processSelectedKeys(NioEventLoop.java:549) ~[nacos-client-2.0.4.jar:na]
	at com.alibaba.nacos.shaded.io.grpc.netty.shaded.io.netty.channel.nio.NioEventLoop.run(NioEventLoop.java:511) ~[nacos-client-2.0.4.jar:na]
	at com.alibaba.nacos.shaded.io.grpc.netty.shaded.io.netty.util.concurrent.SingleThreadEventExecutor$5.run(SingleThreadEventExecutor.java:918) ~[nacos-client-2.0.4.jar:na]
	at com.alibaba.nacos.shaded.io.grpc.netty.shaded.io.netty.util.internal.ThreadExecutorMap$2.run(ThreadExecutorMap.java:74) ~[nacos-client-2.0.4.jar:na]
	at com.alibaba.nacos.shaded.io.grpc.netty.shaded.io.netty.util.concurrent.FastThreadLocalRunnable.run(FastThreadLocalRunnable.java:30) ~[nacos-client-2.0.4.jar:na]
	at java.base/java.lang.Thread.run(Thread.java:834) ~[na:na]

01:21:13:138 ERROR 18276 --- [com.alibaba.nacos.client.remote.worker] c.a.n.c.remote.client.grpc.GrpcClient    : Server check fail, please check server 110.41.61.31 ,port 9848 is available , error ={}

java.util.concurrent.ExecutionException: com.alibaba.nacos.shaded.io.grpc.StatusRuntimeException: UNAVAILABLE: io exception
	at com.alibaba.nacos.shaded.com.google.common.util.concurrent.AbstractFuture.getDoneValue(AbstractFuture.java:566) ~[nacos-client-2.0.4.jar:na]
	at com.alibaba.nacos.shaded.com.google.common.util.concurrent.AbstractFuture.get(AbstractFuture.java:445) ~[nacos-client-2.0.4.jar:na]
	at com.alibaba.nacos.common.remote.client.grpc.GrpcClient.serverCheck(GrpcClient.java:148) ~[nacos-client-2.0.4.jar:na]
	at com.alibaba.nacos.common.remote.client.grpc.GrpcClient.connectToServer(GrpcClient.java:264) ~[nacos-client-2.0.4.jar:na]
	at com.alibaba.nacos.common.remote.client.RpcClient.reconnect(RpcClient.java:522) ~[nacos-client-2.0.4.jar:na]
	at com.alibaba.nacos.common.remote.client.RpcClient.lambda$start$2(RpcClient.java:370) ~[nacos-client-2.0.4.jar:na]
	at java.base/java.util.concurrent.Executors$RunnableAdapter.call(Executors.java:515) ~[na:na]
	at java.base/java.util.concurrent.FutureTask.run(FutureTask.java:264) ~[na:na]
	at java.base/java.util.concurrent.ScheduledThreadPoolExecutor$ScheduledFutureTask.run(ScheduledThreadPoolExecutor.java:304) ~[na:na]
	at java.base/java.util.concurrent.ThreadPoolExecutor.runWorker(ThreadPoolExecutor.java:1128) ~[na:na]
	at java.base/java.util.concurrent.ThreadPoolExecutor$Worker.run(ThreadPoolExecutor.java:628) ~[na:na]
	at java.base/java.lang.Thread.run(Thread.java:834) ~[na:na]
Caused by: com.alibaba.nacos.shaded.io.grpc.StatusRuntimeException: UNAVAILABLE: io exception
	at com.alibaba.nacos.shaded.io.grpc.Status.asRuntimeException(Status.java:533) ~[nacos-client-2.0.4.jar:na]
	at com.alibaba.nacos.shaded.io.grpc.stub.ClientCalls$UnaryStreamToFuture.onClose(ClientCalls.java:490) ~[nacos-client-2.0.4.jar:na]
	at com.alibaba.nacos.shaded.io.grpc.PartialForwardingClientCallListener.onClose(PartialForwardingClientCallListener.java:39) ~[nacos-client-2.0.4.jar:na]
	at com.alibaba.nacos.shaded.io.grpc.ForwardingClientCallListener.onClose(ForwardingClientCallListener.java:23) ~[nacos-client-2.0.4.jar:na]
	at com.alibaba.nacos.shaded.io.grpc.ForwardingClientCallListener$SimpleForwardingClientCallListener.onClose(ForwardingClientCallListener.java:40) ~[nacos-client-2.0.4.jar:na]
	at com.alibaba.nacos.shaded.io.grpc.internal.CensusStatsModule$StatsClientInterceptor$1$1.onClose(CensusStatsModule.java:700) ~[nacos-client-2.0.4.jar:na]
	at com.alibaba.nacos.shaded.io.grpc.PartialForwardingClientCallListener.onClose(PartialForwardingClientCallListener.java:39) ~[nacos-client-2.0.4.jar:na]
	at com.alibaba.nacos.shaded.io.grpc.ForwardingClientCallListener.onClose(ForwardingClientCallListener.java:23) ~[nacos-client-2.0.4.jar:na]
	at com.alibaba.nacos.shaded.io.grpc.ForwardingClientCallListener$SimpleForwardingClientCallListener.onClose(ForwardingClientCallListener.java:40) ~[nacos-client-2.0.4.jar:na]
	at com.alibaba.nacos.shaded.io.grpc.internal.CensusTracingModule$TracingClientInterceptor$1$1.onClose(CensusTracingModule.java:399) ~[nacos-client-2.0.4.jar:na]
	at com.alibaba.nacos.shaded.io.grpc.internal.ClientCallImpl.closeObserver(ClientCallImpl.java:510) ~[nacos-client-2.0.4.jar:na]
	at com.alibaba.nacos.shaded.io.grpc.internal.ClientCallImpl.access$300(ClientCallImpl.java:66) ~[nacos-client-2.0.4.jar:na]
	at com.alibaba.nacos.shaded.io.grpc.internal.ClientCallImpl$ClientStreamListenerImpl.close(ClientCallImpl.java:630) ~[nacos-client-2.0.4.jar:na]
	at com.alibaba.nacos.shaded.io.grpc.internal.ClientCallImpl$ClientStreamListenerImpl.access$700(ClientCallImpl.java:518) ~[nacos-client-2.0.4.jar:na]
	at com.alibaba.nacos.shaded.io.grpc.internal.ClientCallImpl$ClientStreamListenerImpl$1StreamClosed.runInternal(ClientCallImpl.java:692) ~[nacos-client-2.0.4.jar:na]
	at com.alibaba.nacos.shaded.io.grpc.internal.ClientCallImpl$ClientStreamListenerImpl$1StreamClosed.runInContext(ClientCallImpl.java:681) ~[nacos-client-2.0.4.jar:na]
	at com.alibaba.nacos.shaded.io.grpc.internal.ContextRunnable.run(ContextRunnable.java:37) ~[nacos-client-2.0.4.jar:na]
	at com.alibaba.nacos.shaded.io.grpc.internal.SerializingExecutor.run(SerializingExecutor.java:123) ~[nacos-client-2.0.4.jar:na]
	... 3 common frames omitted
Caused by: com.alibaba.nacos.shaded.io.grpc.netty.shaded.io.netty.channel.AbstractChannel$AnnotatedConnectException: Connection refused: no further information: /110.41.61.31:9848
Caused by: java.net.ConnectException: Connection refused: no further information
	at java.base/sun.nio.ch.SocketChannelImpl.checkConnect(Native Method) ~[na:na]
	at java.base/sun.nio.ch.SocketChannelImpl.finishConnect(SocketChannelImpl.java:779) ~[na:na]
	at com.alibaba.nacos.shaded.io.grpc.netty.shaded.io.netty.channel.socket.nio.NioSocketChannel.doFinishConnect(NioSocketChannel.java:327) ~[nacos-client-2.0.4.jar:na]
	at com.alibaba.nacos.shaded.io.grpc.netty.shaded.io.netty.channel.nio.AbstractNioChannel$AbstractNioUnsafe.finishConnect(AbstractNioChannel.java:336) ~[nacos-client-2.0.4.jar:na]
	at com.alibaba.nacos.shaded.io.grpc.netty.shaded.io.netty.channel.nio.NioEventLoop.processSelectedKey(NioEventLoop.java:685) ~[nacos-client-2.0.4.jar:na]
	at com.alibaba.nacos.shaded.io.grpc.netty.shaded.io.netty.channel.nio.NioEventLoop.processSelectedKeysOptimized(NioEventLoop.java:632) ~[nacos-client-2.0.4.jar:na]
	at com.alibaba.nacos.shaded.io.grpc.netty.shaded.io.netty.channel.nio.NioEventLoop.processSelectedKeys(NioEventLoop.java:549) ~[nacos-client-2.0.4.jar:na]
	at com.alibaba.nacos.shaded.io.grpc.netty.shaded.io.netty.channel.nio.NioEventLoop.run(NioEventLoop.java:511) ~[nacos-client-2.0.4.jar:na]
	at com.alibaba.nacos.shaded.io.grpc.netty.shaded.io.netty.util.concurrent.SingleThreadEventExecutor$5.run(SingleThreadEventExecutor.java:918) ~[nacos-client-2.0.4.jar:na]
	at com.alibaba.nacos.shaded.io.grpc.netty.shaded.io.netty.util.internal.ThreadExecutorMap$2.run(ThreadExecutorMap.java:74) ~[nacos-client-2.0.4.jar:na]
	at com.alibaba.nacos.shaded.io.grpc.netty.shaded.io.netty.util.concurrent.FastThreadLocalRunnable.run(FastThreadLocalRunnable.java:30) ~[nacos-client-2.0.4.jar:na]
	at java.base/java.lang.Thread.run(Thread.java:834) ~[na:na]

01:21:13:138  INFO 18276 --- [com.alibaba.nacos.client.remote.worker] com.alibaba.nacos.common.remote.client   : [dbf562ef-7ae2-4b28-9dda-8a53f8177d8f] Fail to connect server, after trying 1 times, last try server is {serverIp = '110.41.61.31', server main port = 8848}, error = unknown
01:21:13:144 ERROR 18276 --- [com.alibaba.nacos.client.remote.worker] c.a.n.c.remote.client.grpc.GrpcClient    : Server check fail, please check server 110.41.61.31 ,port 9848 is available , error ={}

java.util.concurrent.ExecutionException: com.alibaba.nacos.shaded.io.grpc.StatusRuntimeException: UNAVAILABLE: io exception
	at com.alibaba.nacos.shaded.com.google.common.util.concurrent.AbstractFuture.getDoneValue(AbstractFuture.java:566) ~[nacos-client-2.0.4.jar:na]
	at com.alibaba.nacos.shaded.com.google.common.util.concurrent.AbstractFuture.get(AbstractFuture.java:445) ~[nacos-client-2.0.4.jar:na]
	at com.alibaba.nacos.common.remote.client.grpc.GrpcClient.serverCheck(GrpcClient.java:148) ~[nacos-client-2.0.4.jar:na]
	at com.alibaba.nacos.common.remote.client.grpc.GrpcClient.connectToServer(GrpcClient.java:264) ~[nacos-client-2.0.4.jar:na]
	at com.alibaba.nacos.common.remote.client.RpcClient.reconnect(RpcClient.java:522) ~[nacos-client-2.0.4.jar:na]
	at com.alibaba.nacos.common.remote.client.RpcClient.lambda$start$2(RpcClient.java:370) ~[nacos-client-2.0.4.jar:na]
	at java.base/java.util.concurrent.Executors$RunnableAdapter.call(Executors.java:515) ~[na:na]
	at java.base/java.util.concurrent.FutureTask.run(FutureTask.java:264) ~[na:na]
	at java.base/java.util.concurrent.ScheduledThreadPoolExecutor$ScheduledFutureTask.run(ScheduledThreadPoolExecutor.java:304) ~[na:na]
	at java.base/java.util.concurrent.ThreadPoolExecutor.runWorker(ThreadPoolExecutor.java:1128) ~[na:na]
	at java.base/java.util.concurrent.ThreadPoolExecutor$Worker.run(ThreadPoolExecutor.java:628) ~[na:na]
	at java.base/java.lang.Thread.run(Thread.java:834) ~[na:na]
Caused by: com.alibaba.nacos.shaded.io.grpc.StatusRuntimeException: UNAVAILABLE: io exception
	at com.alibaba.nacos.shaded.io.grpc.Status.asRuntimeException(Status.java:533) ~[nacos-client-2.0.4.jar:na]
	at com.alibaba.nacos.shaded.io.grpc.stub.ClientCalls$UnaryStreamToFuture.onClose(ClientCalls.java:490) ~[nacos-client-2.0.4.jar:na]
	at com.alibaba.nacos.shaded.io.grpc.PartialForwardingClientCallListener.onClose(PartialForwardingClientCallListener.java:39) ~[nacos-client-2.0.4.jar:na]
	at com.alibaba.nacos.shaded.io.grpc.ForwardingClientCallListener.onClose(ForwardingClientCallListener.java:23) ~[nacos-client-2.0.4.jar:na]
	at com.alibaba.nacos.shaded.io.grpc.ForwardingClientCallListener$SimpleForwardingClientCallListener.onClose(ForwardingClientCallListener.java:40) ~[nacos-client-2.0.4.jar:na]
	at com.alibaba.nacos.shaded.io.grpc.internal.CensusStatsModule$StatsClientInterceptor$1$1.onClose(CensusStatsModule.java:700) ~[nacos-client-2.0.4.jar:na]
	at com.alibaba.nacos.shaded.io.grpc.PartialForwardingClientCallListener.onClose(PartialForwardingClientCallListener.java:39) ~[nacos-client-2.0.4.jar:na]
	at com.alibaba.nacos.shaded.io.grpc.ForwardingClientCallListener.onClose(ForwardingClientCallListener.java:23) ~[nacos-client-2.0.4.jar:na]
	at com.alibaba.nacos.shaded.io.grpc.ForwardingClientCallListener$SimpleForwardingClientCallListener.onClose(ForwardingClientCallListener.java:40) ~[nacos-client-2.0.4.jar:na]
	at com.alibaba.nacos.shaded.io.grpc.internal.CensusTracingModule$TracingClientInterceptor$1$1.onClose(CensusTracingModule.java:399) ~[nacos-client-2.0.4.jar:na]
	at com.alibaba.nacos.shaded.io.grpc.internal.ClientCallImpl.closeObserver(ClientCallImpl.java:510) ~[nacos-client-2.0.4.jar:na]
	at com.alibaba.nacos.shaded.io.grpc.internal.ClientCallImpl.access$300(ClientCallImpl.java:66) ~[nacos-client-2.0.4.jar:na]
	at com.alibaba.nacos.shaded.io.grpc.internal.ClientCallImpl$ClientStreamListenerImpl.close(ClientCallImpl.java:630) ~[nacos-client-2.0.4.jar:na]
	at com.alibaba.nacos.shaded.io.grpc.internal.ClientCallImpl$ClientStreamListenerImpl.access$700(ClientCallImpl.java:518) ~[nacos-client-2.0.4.jar:na]
	at com.alibaba.nacos.shaded.io.grpc.internal.ClientCallImpl$ClientStreamListenerImpl$1StreamClosed.runInternal(ClientCallImpl.java:692) ~[nacos-client-2.0.4.jar:na]
	at com.alibaba.nacos.shaded.io.grpc.internal.ClientCallImpl$ClientStreamListenerImpl$1StreamClosed.runInContext(ClientCallImpl.java:681) ~[nacos-client-2.0.4.jar:na]
	at com.alibaba.nacos.shaded.io.grpc.internal.ContextRunnable.run(ContextRunnable.java:37) ~[nacos-client-2.0.4.jar:na]
	at com.alibaba.nacos.shaded.io.grpc.internal.SerializingExecutor.run(SerializingExecutor.java:123) ~[nacos-client-2.0.4.jar:na]
	... 3 common frames omitted
Caused by: com.alibaba.nacos.shaded.io.grpc.netty.shaded.io.netty.channel.AbstractChannel$AnnotatedConnectException: Connection refused: no further information: /110.41.61.31:9848
Caused by: java.net.ConnectException: Connection refused: no further information
	at java.base/sun.nio.ch.SocketChannelImpl.checkConnect(Native Method) ~[na:na]
	at java.base/sun.nio.ch.SocketChannelImpl.finishConnect(SocketChannelImpl.java:779) ~[na:na]
	at com.alibaba.nacos.shaded.io.grpc.netty.shaded.io.netty.channel.socket.nio.NioSocketChannel.doFinishConnect(NioSocketChannel.java:327) ~[nacos-client-2.0.4.jar:na]
	at com.alibaba.nacos.shaded.io.grpc.netty.shaded.io.netty.channel.nio.AbstractNioChannel$AbstractNioUnsafe.finishConnect(AbstractNioChannel.java:336) ~[nacos-client-2.0.4.jar:na]
	at com.alibaba.nacos.shaded.io.grpc.netty.shaded.io.netty.channel.nio.NioEventLoop.processSelectedKey(NioEventLoop.java:685) ~[nacos-client-2.0.4.jar:na]
	at com.alibaba.nacos.shaded.io.grpc.netty.shaded.io.netty.channel.nio.NioEventLoop.processSelectedKeysOptimized(NioEventLoop.java:632) ~[nacos-client-2.0.4.jar:na]
	at com.alibaba.nacos.shaded.io.grpc.netty.shaded.io.netty.channel.nio.NioEventLoop.processSelectedKeys(NioEventLoop.java:549) ~[nacos-client-2.0.4.jar:na]
	at com.alibaba.nacos.shaded.io.grpc.netty.shaded.io.netty.channel.nio.NioEventLoop.run(NioEventLoop.java:511) ~[nacos-client-2.0.4.jar:na]
	at com.alibaba.nacos.shaded.io.grpc.netty.shaded.io.netty.util.concurrent.SingleThreadEventExecutor$5.run(SingleThreadEventExecutor.java:918) ~[nacos-client-2.0.4.jar:na]
	at com.alibaba.nacos.shaded.io.grpc.netty.shaded.io.netty.util.internal.ThreadExecutorMap$2.run(ThreadExecutorMap.java:74) ~[nacos-client-2.0.4.jar:na]
	at com.alibaba.nacos.shaded.io.grpc.netty.shaded.io.netty.util.concurrent.FastThreadLocalRunnable.run(FastThreadLocalRunnable.java:30) ~[nacos-client-2.0.4.jar:na]
	at java.base/java.lang.Thread.run(Thread.java:834) ~[na:na]

01:21:13:144  INFO 18276 --- [com.alibaba.nacos.client.remote.worker] com.alibaba.nacos.common.remote.client   : [548414fc-90a7-4ceb-b043-0733a8d429ee_config-0] Fail to connect server, after trying 1 times, last try server is {serverIp = '110.41.61.31', server main port = 8848}, error = unknown
01:21:16:026 ERROR 18276 --- [com.alibaba.nacos.client.remote.worker] c.a.n.c.remote.client.grpc.GrpcClient    : Server check fail, please check server 110.41.61.31 ,port 9848 is available , error ={}

java.util.concurrent.ExecutionException: com.alibaba.nacos.shaded.io.grpc.StatusRuntimeException: UNAVAILABLE: io exception
	at com.alibaba.nacos.shaded.com.google.common.util.concurrent.AbstractFuture.getDoneValue(AbstractFuture.java:566) ~[nacos-client-2.0.4.jar:na]
	at com.alibaba.nacos.shaded.com.google.common.util.concurrent.AbstractFuture.get(AbstractFuture.java:445) ~[nacos-client-2.0.4.jar:na]
	at com.alibaba.nacos.common.remote.client.grpc.GrpcClient.serverCheck(GrpcClient.java:148) ~[nacos-client-2.0.4.jar:na]
	at com.alibaba.nacos.common.remote.client.grpc.GrpcClient.connectToServer(GrpcClient.java:264) ~[nacos-client-2.0.4.jar:na]
	at com.alibaba.nacos.common.remote.client.RpcClient.reconnect(RpcClient.java:522) ~[nacos-client-2.0.4.jar:na]
	at com.alibaba.nacos.common.remote.client.RpcClient.lambda$start$2(RpcClient.java:370) ~[nacos-client-2.0.4.jar:na]
	at java.base/java.util.concurrent.Executors$RunnableAdapter.call(Executors.java:515) ~[na:na]
	at java.base/java.util.concurrent.FutureTask.run(FutureTask.java:264) ~[na:na]
	at java.base/java.util.concurrent.ScheduledThreadPoolExecutor$ScheduledFutureTask.run(ScheduledThreadPoolExecutor.java:304) ~[na:na]
	at java.base/java.util.concurrent.ThreadPoolExecutor.runWorker(ThreadPoolExecutor.java:1128) ~[na:na]
	at java.base/java.util.concurrent.ThreadPoolExecutor$Worker.run(ThreadPoolExecutor.java:628) ~[na:na]
	at java.base/java.lang.Thread.run(Thread.java:834) ~[na:na]
Caused by: com.alibaba.nacos.shaded.io.grpc.StatusRuntimeException: UNAVAILABLE: io exception
	at com.alibaba.nacos.shaded.io.grpc.Status.asRuntimeException(Status.java:533) ~[nacos-client-2.0.4.jar:na]
	at com.alibaba.nacos.shaded.io.grpc.stub.ClientCalls$UnaryStreamToFuture.onClose(ClientCalls.java:490) ~[nacos-client-2.0.4.jar:na]
	at com.alibaba.nacos.shaded.io.grpc.PartialForwardingClientCallListener.onClose(PartialForwardingClientCallListener.java:39) ~[nacos-client-2.0.4.jar:na]
	at com.alibaba.nacos.shaded.io.grpc.ForwardingClientCallListener.onClose(ForwardingClientCallListener.java:23) ~[nacos-client-2.0.4.jar:na]
	at com.alibaba.nacos.shaded.io.grpc.ForwardingClientCallListener$SimpleForwardingClientCallListener.onClose(ForwardingClientCallListener.java:40) ~[nacos-client-2.0.4.jar:na]
	at com.alibaba.nacos.shaded.io.grpc.internal.CensusStatsModule$StatsClientInterceptor$1$1.onClose(CensusStatsModule.java:700) ~[nacos-client-2.0.4.jar:na]
	at com.alibaba.nacos.shaded.io.grpc.PartialForwardingClientCallListener.onClose(PartialForwardingClientCallListener.java:39) ~[nacos-client-2.0.4.jar:na]
	at com.alibaba.nacos.shaded.io.grpc.ForwardingClientCallListener.onClose(ForwardingClientCallListener.java:23) ~[nacos-client-2.0.4.jar:na]
	at com.alibaba.nacos.shaded.io.grpc.ForwardingClientCallListener$SimpleForwardingClientCallListener.onClose(ForwardingClientCallListener.java:40) ~[nacos-client-2.0.4.jar:na]
	at com.alibaba.nacos.shaded.io.grpc.internal.CensusTracingModule$TracingClientInterceptor$1$1.onClose(CensusTracingModule.java:399) ~[nacos-client-2.0.4.jar:na]
	at com.alibaba.nacos.shaded.io.grpc.internal.ClientCallImpl.closeObserver(ClientCallImpl.java:510) ~[nacos-client-2.0.4.jar:na]
	at com.alibaba.nacos.shaded.io.grpc.internal.ClientCallImpl.access$300(ClientCallImpl.java:66) ~[nacos-client-2.0.4.jar:na]
	at com.alibaba.nacos.shaded.io.grpc.internal.ClientCallImpl$ClientStreamListenerImpl.close(ClientCallImpl.java:630) ~[nacos-client-2.0.4.jar:na]
	at com.alibaba.nacos.shaded.io.grpc.internal.ClientCallImpl$ClientStreamListenerImpl.access$700(ClientCallImpl.java:518) ~[nacos-client-2.0.4.jar:na]
	at com.alibaba.nacos.shaded.io.grpc.internal.ClientCallImpl$ClientStreamListenerImpl$1StreamClosed.runInternal(ClientCallImpl.java:692) ~[nacos-client-2.0.4.jar:na]
	at com.alibaba.nacos.shaded.io.grpc.internal.ClientCallImpl$ClientStreamListenerImpl$1StreamClosed.runInContext(ClientCallImpl.java:681) ~[nacos-client-2.0.4.jar:na]
	at com.alibaba.nacos.shaded.io.grpc.internal.ContextRunnable.run(ContextRunnable.java:37) ~[nacos-client-2.0.4.jar:na]
	at com.alibaba.nacos.shaded.io.grpc.internal.SerializingExecutor.run(SerializingExecutor.java:123) ~[nacos-client-2.0.4.jar:na]
	... 3 common frames omitted
Caused by: com.alibaba.nacos.shaded.io.grpc.netty.shaded.io.netty.channel.AbstractChannel$AnnotatedConnectException: Connection refused: no further information: /110.41.61.31:9848
Caused by: java.net.ConnectException: Connection refused: no further information
	at java.base/sun.nio.ch.SocketChannelImpl.checkConnect(Native Method) ~[na:na]
	at java.base/sun.nio.ch.SocketChannelImpl.finishConnect(SocketChannelImpl.java:779) ~[na:na]
	at com.alibaba.nacos.shaded.io.grpc.netty.shaded.io.netty.channel.socket.nio.NioSocketChannel.doFinishConnect(NioSocketChannel.java:327) ~[nacos-client-2.0.4.jar:na]
	at com.alibaba.nacos.shaded.io.grpc.netty.shaded.io.netty.channel.nio.AbstractNioChannel$AbstractNioUnsafe.finishConnect(AbstractNioChannel.java:336) ~[nacos-client-2.0.4.jar:na]
	at com.alibaba.nacos.shaded.io.grpc.netty.shaded.io.netty.channel.nio.NioEventLoop.processSelectedKey(NioEventLoop.java:685) ~[nacos-client-2.0.4.jar:na]
	at com.alibaba.nacos.shaded.io.grpc.netty.shaded.io.netty.channel.nio.NioEventLoop.processSelectedKeysOptimized(NioEventLoop.java:632) ~[nacos-client-2.0.4.jar:na]
	at com.alibaba.nacos.shaded.io.grpc.netty.shaded.io.netty.channel.nio.NioEventLoop.processSelectedKeys(NioEventLoop.java:549) ~[nacos-client-2.0.4.jar:na]
	at com.alibaba.nacos.shaded.io.grpc.netty.shaded.io.netty.channel.nio.NioEventLoop.run(NioEventLoop.java:511) ~[nacos-client-2.0.4.jar:na]
	at com.alibaba.nacos.shaded.io.grpc.netty.shaded.io.netty.util.concurrent.SingleThreadEventExecutor$5.run(SingleThreadEventExecutor.java:918) ~[nacos-client-2.0.4.jar:na]
	at com.alibaba.nacos.shaded.io.grpc.netty.shaded.io.netty.util.internal.ThreadExecutorMap$2.run(ThreadExecutorMap.java:74) ~[nacos-client-2.0.4.jar:na]
	at com.alibaba.nacos.shaded.io.grpc.netty.shaded.io.netty.util.concurrent.FastThreadLocalRunnable.run(FastThreadLocalRunnable.java:30) ~[nacos-client-2.0.4.jar:na]
	at java.base/java.lang.Thread.run(Thread.java:834) ~[na:na]

01:21:16:026 ERROR 18276 --- [com.alibaba.nacos.client.remote.worker] c.a.n.c.remote.client.grpc.GrpcClient    : Server check fail, please check server 110.41.61.31 ,port 9848 is available , error ={}

java.util.concurrent.ExecutionException: com.alibaba.nacos.shaded.io.grpc.StatusRuntimeException: UNAVAILABLE: io exception
	at com.alibaba.nacos.shaded.com.google.common.util.concurrent.AbstractFuture.getDoneValue(AbstractFuture.java:566) ~[nacos-client-2.0.4.jar:na]
	at com.alibaba.nacos.shaded.com.google.common.util.concurrent.AbstractFuture.get(AbstractFuture.java:445) ~[nacos-client-2.0.4.jar:na]
	at com.alibaba.nacos.common.remote.client.grpc.GrpcClient.serverCheck(GrpcClient.java:148) ~[nacos-client-2.0.4.jar:na]
	at com.alibaba.nacos.common.remote.client.grpc.GrpcClient.connectToServer(GrpcClient.java:264) ~[nacos-client-2.0.4.jar:na]
	at com.alibaba.nacos.common.remote.client.RpcClient.reconnect(RpcClient.java:522) ~[nacos-client-2.0.4.jar:na]
	at com.alibaba.nacos.common.remote.client.RpcClient.lambda$start$2(RpcClient.java:370) ~[nacos-client-2.0.4.jar:na]
	at java.base/java.util.concurrent.Executors$RunnableAdapter.call(Executors.java:515) ~[na:na]
	at java.base/java.util.concurrent.FutureTask.run(FutureTask.java:264) ~[na:na]
	at java.base/java.util.concurrent.ScheduledThreadPoolExecutor$ScheduledFutureTask.run(ScheduledThreadPoolExecutor.java:304) ~[na:na]
	at java.base/java.util.concurrent.ThreadPoolExecutor.runWorker(ThreadPoolExecutor.java:1128) ~[na:na]
	at java.base/java.util.concurrent.ThreadPoolExecutor$Worker.run(ThreadPoolExecutor.java:628) ~[na:na]
	at java.base/java.lang.Thread.run(Thread.java:834) ~[na:na]
Caused by: com.alibaba.nacos.shaded.io.grpc.StatusRuntimeException: UNAVAILABLE: io exception
	at com.alibaba.nacos.shaded.io.grpc.Status.asRuntimeException(Status.java:533) ~[nacos-client-2.0.4.jar:na]
	at com.alibaba.nacos.shaded.io.grpc.stub.ClientCalls$UnaryStreamToFuture.onClose(ClientCalls.java:490) ~[nacos-client-2.0.4.jar:na]
	at com.alibaba.nacos.shaded.io.grpc.PartialForwardingClientCallListener.onClose(PartialForwardingClientCallListener.java:39) ~[nacos-client-2.0.4.jar:na]
	at com.alibaba.nacos.shaded.io.grpc.ForwardingClientCallListener.onClose(ForwardingClientCallListener.java:23) ~[nacos-client-2.0.4.jar:na]
	at com.alibaba.nacos.shaded.io.grpc.ForwardingClientCallListener$SimpleForwardingClientCallListener.onClose(ForwardingClientCallListener.java:40) ~[nacos-client-2.0.4.jar:na]
	at com.alibaba.nacos.shaded.io.grpc.internal.CensusStatsModule$StatsClientInterceptor$1$1.onClose(CensusStatsModule.java:700) ~[nacos-client-2.0.4.jar:na]
	at com.alibaba.nacos.shaded.io.grpc.PartialForwardingClientCallListener.onClose(PartialForwardingClientCallListener.java:39) ~[nacos-client-2.0.4.jar:na]
	at com.alibaba.nacos.shaded.io.grpc.ForwardingClientCallListener.onClose(ForwardingClientCallListener.java:23) ~[nacos-client-2.0.4.jar:na]
	at com.alibaba.nacos.shaded.io.grpc.ForwardingClientCallListener$SimpleForwardingClientCallListener.onClose(ForwardingClientCallListener.java:40) ~[nacos-client-2.0.4.jar:na]
	at com.alibaba.nacos.shaded.io.grpc.internal.CensusTracingModule$TracingClientInterceptor$1$1.onClose(CensusTracingModule.java:399) ~[nacos-client-2.0.4.jar:na]
	at com.alibaba.nacos.shaded.io.grpc.internal.ClientCallImpl.closeObserver(ClientCallImpl.java:510) ~[nacos-client-2.0.4.jar:na]
	at com.alibaba.nacos.shaded.io.grpc.internal.ClientCallImpl.access$300(ClientCallImpl.java:66) ~[nacos-client-2.0.4.jar:na]
	at com.alibaba.nacos.shaded.io.grpc.internal.ClientCallImpl$ClientStreamListenerImpl.close(ClientCallImpl.java:630) ~[nacos-client-2.0.4.jar:na]
	at com.alibaba.nacos.shaded.io.grpc.internal.ClientCallImpl$ClientStreamListenerImpl.access$700(ClientCallImpl.java:518) ~[nacos-client-2.0.4.jar:na]
	at com.alibaba.nacos.shaded.io.grpc.internal.ClientCallImpl$ClientStreamListenerImpl$1StreamClosed.runInternal(ClientCallImpl.java:692) ~[nacos-client-2.0.4.jar:na]
	at com.alibaba.nacos.shaded.io.grpc.internal.ClientCallImpl$ClientStreamListenerImpl$1StreamClosed.runInContext(ClientCallImpl.java:681) ~[nacos-client-2.0.4.jar:na]
	at com.alibaba.nacos.shaded.io.grpc.internal.ContextRunnable.run(ContextRunnable.java:37) ~[nacos-client-2.0.4.jar:na]
	at com.alibaba.nacos.shaded.io.grpc.internal.SerializingExecutor.run(SerializingExecutor.java:123) ~[nacos-client-2.0.4.jar:na]
	... 3 common frames omitted
Caused by: com.alibaba.nacos.shaded.io.grpc.netty.shaded.io.netty.channel.AbstractChannel$AnnotatedConnectException: Connection refused: no further information: /110.41.61.31:9848
Caused by: java.net.ConnectException: Connection refused: no further information
	at java.base/sun.nio.ch.SocketChannelImpl.checkConnect(Native Method) ~[na:na]
	at java.base/sun.nio.ch.SocketChannelImpl.finishConnect(SocketChannelImpl.java:779) ~[na:na]
	at com.alibaba.nacos.shaded.io.grpc.netty.shaded.io.netty.channel.socket.nio.NioSocketChannel.doFinishConnect(NioSocketChannel.java:327) ~[nacos-client-2.0.4.jar:na]
	at com.alibaba.nacos.shaded.io.grpc.netty.shaded.io.netty.channel.nio.AbstractNioChannel$AbstractNioUnsafe.finishConnect(AbstractNioChannel.java:336) ~[nacos-client-2.0.4.jar:na]
	at com.alibaba.nacos.shaded.io.grpc.netty.shaded.io.netty.channel.nio.NioEventLoop.processSelectedKey(NioEventLoop.java:685) ~[nacos-client-2.0.4.jar:na]
	at com.alibaba.nacos.shaded.io.grpc.netty.shaded.io.netty.channel.nio.NioEventLoop.processSelectedKeysOptimized(NioEventLoop.java:632) ~[nacos-client-2.0.4.jar:na]
	at com.alibaba.nacos.shaded.io.grpc.netty.shaded.io.netty.channel.nio.NioEventLoop.processSelectedKeys(NioEventLoop.java:549) ~[nacos-client-2.0.4.jar:na]
	at com.alibaba.nacos.shaded.io.grpc.netty.shaded.io.netty.channel.nio.NioEventLoop.run(NioEventLoop.java:511) ~[nacos-client-2.0.4.jar:na]
	at com.alibaba.nacos.shaded.io.grpc.netty.shaded.io.netty.util.concurrent.SingleThreadEventExecutor$5.run(SingleThreadEventExecutor.java:918) ~[nacos-client-2.0.4.jar:na]
	at com.alibaba.nacos.shaded.io.grpc.netty.shaded.io.netty.util.internal.ThreadExecutorMap$2.run(ThreadExecutorMap.java:74) ~[nacos-client-2.0.4.jar:na]
	at com.alibaba.nacos.shaded.io.grpc.netty.shaded.io.netty.util.concurrent.FastThreadLocalRunnable.run(FastThreadLocalRunnable.java:30) ~[nacos-client-2.0.4.jar:na]
	at java.base/java.lang.Thread.run(Thread.java:834) ~[na:na]

01:21:16:028  INFO 18276 --- [com.alibaba.nacos.client.remote.worker] com.alibaba.nacos.common.remote.client   : [dbf562ef-7ae2-4b28-9dda-8a53f8177d8f] Fail to connect server, after trying 2 times, last try server is {serverIp = '110.41.61.31', server main port = 8848}, error = unknown
01:21:16:028  INFO 18276 --- [com.alibaba.nacos.client.remote.worker] com.alibaba.nacos.common.remote.client   : [548414fc-90a7-4ceb-b043-0733a8d429ee_config-0] Fail to connect server, after trying 2 times, last try server is {serverIp = '110.41.61.31', server main port = 8848}, error = unknown
01:21:18:728 ERROR 18276 --- [com.alibaba.nacos.client.remote.worker] c.a.n.c.remote.client.grpc.GrpcClient    : Server check fail, please check server 110.41.61.31 ,port 9848 is available , error ={}

java.util.concurrent.ExecutionException: com.alibaba.nacos.shaded.io.grpc.StatusRuntimeException: UNAVAILABLE: io exception
	at com.alibaba.nacos.shaded.com.google.common.util.concurrent.AbstractFuture.getDoneValue(AbstractFuture.java:566) ~[nacos-client-2.0.4.jar:na]
	at com.alibaba.nacos.shaded.com.google.common.util.concurrent.AbstractFuture.get(AbstractFuture.java:445) ~[nacos-client-2.0.4.jar:na]
	at com.alibaba.nacos.common.remote.client.grpc.GrpcClient.serverCheck(GrpcClient.java:148) ~[nacos-client-2.0.4.jar:na]
	at com.alibaba.nacos.common.remote.client.grpc.GrpcClient.connectToServer(GrpcClient.java:264) ~[nacos-client-2.0.4.jar:na]
	at com.alibaba.nacos.common.remote.client.RpcClient.reconnect(RpcClient.java:522) ~[nacos-client-2.0.4.jar:na]
	at com.alibaba.nacos.common.remote.client.RpcClient.lambda$start$2(RpcClient.java:370) ~[nacos-client-2.0.4.jar:na]
	at java.base/java.util.concurrent.Executors$RunnableAdapter.call(Executors.java:515) ~[na:na]
	at java.base/java.util.concurrent.FutureTask.run(FutureTask.java:264) ~[na:na]
	at java.base/java.util.concurrent.ScheduledThreadPoolExecutor$ScheduledFutureTask.run(ScheduledThreadPoolExecutor.java:304) ~[na:na]
	at java.base/java.util.concurrent.ThreadPoolExecutor.runWorker(ThreadPoolExecutor.java:1128) ~[na:na]
	at java.base/java.util.concurrent.ThreadPoolExecutor$Worker.run(ThreadPoolExecutor.java:628) ~[na:na]
	at java.base/java.lang.Thread.run(Thread.java:834) ~[na:na]
Caused by: com.alibaba.nacos.shaded.io.grpc.StatusRuntimeException: UNAVAILABLE: io exception
	at com.alibaba.nacos.shaded.io.grpc.Status.asRuntimeException(Status.java:533) ~[nacos-client-2.0.4.jar:na]
	at com.alibaba.nacos.shaded.io.grpc.stub.ClientCalls$UnaryStreamToFuture.onClose(ClientCalls.java:490) ~[nacos-client-2.0.4.jar:na]
	at com.alibaba.nacos.shaded.io.grpc.PartialForwardingClientCallListener.onClose(PartialForwardingClientCallListener.java:39) ~[nacos-client-2.0.4.jar:na]
	at com.alibaba.nacos.shaded.io.grpc.ForwardingClientCallListener.onClose(ForwardingClientCallListener.java:23) ~[nacos-client-2.0.4.jar:na]
	at com.alibaba.nacos.shaded.io.grpc.ForwardingClientCallListener$SimpleForwardingClientCallListener.onClose(ForwardingClientCallListener.java:40) ~[nacos-client-2.0.4.jar:na]
	at com.alibaba.nacos.shaded.io.grpc.internal.CensusStatsModule$StatsClientInterceptor$1$1.onClose(CensusStatsModule.java:700) ~[nacos-client-2.0.4.jar:na]
	at com.alibaba.nacos.shaded.io.grpc.PartialForwardingClientCallListener.onClose(PartialForwardingClientCallListener.java:39) ~[nacos-client-2.0.4.jar:na]
	at com.alibaba.nacos.shaded.io.grpc.ForwardingClientCallListener.onClose(ForwardingClientCallListener.java:23) ~[nacos-client-2.0.4.jar:na]
	at com.alibaba.nacos.shaded.io.grpc.ForwardingClientCallListener$SimpleForwardingClientCallListener.onClose(ForwardingClientCallListener.java:40) ~[nacos-client-2.0.4.jar:na]
	at com.alibaba.nacos.shaded.io.grpc.internal.CensusTracingModule$TracingClientInterceptor$1$1.onClose(CensusTracingModule.java:399) ~[nacos-client-2.0.4.jar:na]
	at com.alibaba.nacos.shaded.io.grpc.internal.ClientCallImpl.closeObserver(ClientCallImpl.java:510) ~[nacos-client-2.0.4.jar:na]
	at com.alibaba.nacos.shaded.io.grpc.internal.ClientCallImpl.access$300(ClientCallImpl.java:66) ~[nacos-client-2.0.4.jar:na]
	at com.alibaba.nacos.shaded.io.grpc.internal.ClientCallImpl$ClientStreamListenerImpl.close(ClientCallImpl.java:630) ~[nacos-client-2.0.4.jar:na]
	at com.alibaba.nacos.shaded.io.grpc.internal.ClientCallImpl$ClientStreamListenerImpl.access$700(ClientCallImpl.java:518) ~[nacos-client-2.0.4.jar:na]
	at com.alibaba.nacos.shaded.io.grpc.internal.ClientCallImpl$ClientStreamListenerImpl$1StreamClosed.runInternal(ClientCallImpl.java:692) ~[nacos-client-2.0.4.jar:na]
	at com.alibaba.nacos.shaded.io.grpc.internal.ClientCallImpl$ClientStreamListenerImpl$1StreamClosed.runInContext(ClientCallImpl.java:681) ~[nacos-client-2.0.4.jar:na]
	at com.alibaba.nacos.shaded.io.grpc.internal.ContextRunnable.run(ContextRunnable.java:37) ~[nacos-client-2.0.4.jar:na]
	at com.alibaba.nacos.shaded.io.grpc.internal.SerializingExecutor.run(SerializingExecutor.java:123) ~[nacos-client-2.0.4.jar:na]
	... 3 common frames omitted
Caused by: com.alibaba.nacos.shaded.io.grpc.netty.shaded.io.netty.channel.AbstractChannel$AnnotatedConnectException: Connection refused: no further information: /110.41.61.31:9848
Caused by: java.net.ConnectException: Connection refused: no further information
	at java.base/sun.nio.ch.SocketChannelImpl.checkConnect(Native Method) ~[na:na]
	at java.base/sun.nio.ch.SocketChannelImpl.finishConnect(SocketChannelImpl.java:779) ~[na:na]
	at com.alibaba.nacos.shaded.io.grpc.netty.shaded.io.netty.channel.socket.nio.NioSocketChannel.doFinishConnect(NioSocketChannel.java:327) ~[nacos-client-2.0.4.jar:na]
	at com.alibaba.nacos.shaded.io.grpc.netty.shaded.io.netty.channel.nio.AbstractNioChannel$AbstractNioUnsafe.finishConnect(AbstractNioChannel.java:336) ~[nacos-client-2.0.4.jar:na]
	at com.alibaba.nacos.shaded.io.grpc.netty.shaded.io.netty.channel.nio.NioEventLoop.processSelectedKey(NioEventLoop.java:685) ~[nacos-client-2.0.4.jar:na]
	at com.alibaba.nacos.shaded.io.grpc.netty.shaded.io.netty.channel.nio.NioEventLoop.processSelectedKeysOptimized(NioEventLoop.java:632) ~[nacos-client-2.0.4.jar:na]
	at com.alibaba.nacos.shaded.io.grpc.netty.shaded.io.netty.channel.nio.NioEventLoop.processSelectedKeys(NioEventLoop.java:549) ~[nacos-client-2.0.4.jar:na]
	at com.alibaba.nacos.shaded.io.grpc.netty.shaded.io.netty.channel.nio.NioEventLoop.run(NioEventLoop.java:511) ~[nacos-client-2.0.4.jar:na]
	at com.alibaba.nacos.shaded.io.grpc.netty.shaded.io.netty.util.concurrent.SingleThreadEventExecutor$5.run(SingleThreadEventExecutor.java:918) ~[nacos-client-2.0.4.jar:na]
	at com.alibaba.nacos.shaded.io.grpc.netty.shaded.io.netty.util.internal.ThreadExecutorMap$2.run(ThreadExecutorMap.java:74) ~[nacos-client-2.0.4.jar:na]
	at com.alibaba.nacos.shaded.io.grpc.netty.shaded.io.netty.util.concurrent.FastThreadLocalRunnable.run(FastThreadLocalRunnable.java:30) ~[nacos-client-2.0.4.jar:na]
	at java.base/java.lang.Thread.run(Thread.java:834) ~[na:na]

01:21:18:728  INFO 18276 --- [com.alibaba.nacos.client.remote.worker] com.alibaba.nacos.common.remote.client   : [548414fc-90a7-4ceb-b043-0733a8d429ee_config-0] Fail to connect server, after trying 3 times, last try server is {serverIp = '110.41.61.31', server main port = 8848}, error = unknown
01:21:18:736 ERROR 18276 --- [com.alibaba.nacos.client.remote.worker] c.a.n.c.remote.client.grpc.GrpcClient    : Server check fail, please check server 110.41.61.31 ,port 9848 is available , error ={}

java.util.concurrent.ExecutionException: com.alibaba.nacos.shaded.io.grpc.StatusRuntimeException: UNAVAILABLE: io exception
	at com.alibaba.nacos.shaded.com.google.common.util.concurrent.AbstractFuture.getDoneValue(AbstractFuture.java:566) ~[nacos-client-2.0.4.jar:na]
	at com.alibaba.nacos.shaded.com.google.common.util.concurrent.AbstractFuture.get(AbstractFuture.java:445) ~[nacos-client-2.0.4.jar:na]
	at com.alibaba.nacos.common.remote.client.grpc.GrpcClient.serverCheck(GrpcClient.java:148) ~[nacos-client-2.0.4.jar:na]
	at com.alibaba.nacos.common.remote.client.grpc.GrpcClient.connectToServer(GrpcClient.java:264) ~[nacos-client-2.0.4.jar:na]
	at com.alibaba.nacos.common.remote.client.RpcClient.reconnect(RpcClient.java:522) ~[nacos-client-2.0.4.jar:na]
	at com.alibaba.nacos.common.remote.client.RpcClient.lambda$start$2(RpcClient.java:370) ~[nacos-client-2.0.4.jar:na]
	at java.base/java.util.concurrent.Executors$RunnableAdapter.call(Executors.java:515) ~[na:na]
	at java.base/java.util.concurrent.FutureTask.run(FutureTask.java:264) ~[na:na]
	at java.base/java.util.concurrent.ScheduledThreadPoolExecutor$ScheduledFutureTask.run(ScheduledThreadPoolExecutor.java:304) ~[na:na]
	at java.base/java.util.concurrent.ThreadPoolExecutor.runWorker(ThreadPoolExecutor.java:1128) ~[na:na]
	at java.base/java.util.concurrent.ThreadPoolExecutor$Worker.run(ThreadPoolExecutor.java:628) ~[na:na]
	at java.base/java.lang.Thread.run(Thread.java:834) ~[na:na]
Caused by: com.alibaba.nacos.shaded.io.grpc.StatusRuntimeException: UNAVAILABLE: io exception
	at com.alibaba.nacos.shaded.io.grpc.Status.asRuntimeException(Status.java:533) ~[nacos-client-2.0.4.jar:na]
	at com.alibaba.nacos.shaded.io.grpc.stub.ClientCalls$UnaryStreamToFuture.onClose(ClientCalls.java:490) ~[nacos-client-2.0.4.jar:na]
	at com.alibaba.nacos.shaded.io.grpc.PartialForwardingClientCallListener.onClose(PartialForwardingClientCallListener.java:39) ~[nacos-client-2.0.4.jar:na]
	at com.alibaba.nacos.shaded.io.grpc.ForwardingClientCallListener.onClose(ForwardingClientCallListener.java:23) ~[nacos-client-2.0.4.jar:na]
	at com.alibaba.nacos.shaded.io.grpc.ForwardingClientCallListener$SimpleForwardingClientCallListener.onClose(ForwardingClientCallListener.java:40) ~[nacos-client-2.0.4.jar:na]
	at com.alibaba.nacos.shaded.io.grpc.internal.CensusStatsModule$StatsClientInterceptor$1$1.onClose(CensusStatsModule.java:700) ~[nacos-client-2.0.4.jar:na]
	at com.alibaba.nacos.shaded.io.grpc.PartialForwardingClientCallListener.onClose(PartialForwardingClientCallListener.java:39) ~[nacos-client-2.0.4.jar:na]
	at com.alibaba.nacos.shaded.io.grpc.ForwardingClientCallListener.onClose(ForwardingClientCallListener.java:23) ~[nacos-client-2.0.4.jar:na]
	at com.alibaba.nacos.shaded.io.grpc.ForwardingClientCallListener$SimpleForwardingClientCallListener.onClose(ForwardingClientCallListener.java:40) ~[nacos-client-2.0.4.jar:na]
	at com.alibaba.nacos.shaded.io.grpc.internal.CensusTracingModule$TracingClientInterceptor$1$1.onClose(CensusTracingModule.java:399) ~[nacos-client-2.0.4.jar:na]
	at com.alibaba.nacos.shaded.io.grpc.internal.ClientCallImpl.closeObserver(ClientCallImpl.java:510) ~[nacos-client-2.0.4.jar:na]
	at com.alibaba.nacos.shaded.io.grpc.internal.ClientCallImpl.access$300(ClientCallImpl.java:66) ~[nacos-client-2.0.4.jar:na]
	at com.alibaba.nacos.shaded.io.grpc.internal.ClientCallImpl$ClientStreamListenerImpl.close(ClientCallImpl.java:630) ~[nacos-client-2.0.4.jar:na]
	at com.alibaba.nacos.shaded.io.grpc.internal.ClientCallImpl$ClientStreamListenerImpl.access$700(ClientCallImpl.java:518) ~[nacos-client-2.0.4.jar:na]
	at com.alibaba.nacos.shaded.io.grpc.internal.ClientCallImpl$ClientStreamListenerImpl$1StreamClosed.runInternal(ClientCallImpl.java:692) ~[nacos-client-2.0.4.jar:na]
	at com.alibaba.nacos.shaded.io.grpc.internal.ClientCallImpl$ClientStreamListenerImpl$1StreamClosed.runInContext(ClientCallImpl.java:681) ~[nacos-client-2.0.4.jar:na]
	at com.alibaba.nacos.shaded.io.grpc.internal.ContextRunnable.run(ContextRunnable.java:37) ~[nacos-client-2.0.4.jar:na]
	at com.alibaba.nacos.shaded.io.grpc.internal.SerializingExecutor.run(SerializingExecutor.java:123) ~[nacos-client-2.0.4.jar:na]
	... 3 common frames omitted
Caused by: com.alibaba.nacos.shaded.io.grpc.netty.shaded.io.netty.channel.AbstractChannel$AnnotatedConnectException: Connection refused: no further information: /110.41.61.31:9848
Caused by: java.net.ConnectException: Connection refused: no further information
	at java.base/sun.nio.ch.SocketChannelImpl.checkConnect(Native Method) ~[na:na]
	at java.base/sun.nio.ch.SocketChannelImpl.finishConnect(SocketChannelImpl.java:779) ~[na:na]
	at com.alibaba.nacos.shaded.io.grpc.netty.shaded.io.netty.channel.socket.nio.NioSocketChannel.doFinishConnect(NioSocketChannel.java:327) ~[nacos-client-2.0.4.jar:na]
	at com.alibaba.nacos.shaded.io.grpc.netty.shaded.io.netty.channel.nio.AbstractNioChannel$AbstractNioUnsafe.finishConnect(AbstractNioChannel.java:336) ~[nacos-client-2.0.4.jar:na]
	at com.alibaba.nacos.shaded.io.grpc.netty.shaded.io.netty.channel.nio.NioEventLoop.processSelectedKey(NioEventLoop.java:685) ~[nacos-client-2.0.4.jar:na]
	at com.alibaba.nacos.shaded.io.grpc.netty.shaded.io.netty.channel.nio.NioEventLoop.processSelectedKeysOptimized(NioEventLoop.java:632) ~[nacos-client-2.0.4.jar:na]
	at com.alibaba.nacos.shaded.io.grpc.netty.shaded.io.netty.channel.nio.NioEventLoop.processSelectedKeys(NioEventLoop.java:549) ~[nacos-client-2.0.4.jar:na]
	at com.alibaba.nacos.shaded.io.grpc.netty.shaded.io.netty.channel.nio.NioEventLoop.run(NioEventLoop.java:511) ~[nacos-client-2.0.4.jar:na]
	at com.alibaba.nacos.shaded.io.grpc.netty.shaded.io.netty.util.concurrent.SingleThreadEventExecutor$5.run(SingleThreadEventExecutor.java:918) ~[nacos-client-2.0.4.jar:na]
	at com.alibaba.nacos.shaded.io.grpc.netty.shaded.io.netty.util.internal.ThreadExecutorMap$2.run(ThreadExecutorMap.java:74) ~[nacos-client-2.0.4.jar:na]
	at com.alibaba.nacos.shaded.io.grpc.netty.shaded.io.netty.util.concurrent.FastThreadLocalRunnable.run(FastThreadLocalRunnable.java:30) ~[nacos-client-2.0.4.jar:na]
	at java.base/java.lang.Thread.run(Thread.java:834) ~[na:na]

01:21:18:737  INFO 18276 --- [com.alibaba.nacos.client.remote.worker] com.alibaba.nacos.common.remote.client   : [dbf562ef-7ae2-4b28-9dda-8a53f8177d8f] Fail to connect server, after trying 3 times, last try server is {serverIp = '110.41.61.31', server main port = 8848}, error = unknown
01:21:21:610 ERROR 18276 --- [com.alibaba.nacos.client.remote.worker] c.a.n.c.remote.client.grpc.GrpcClient    : Server check fail, please check server 110.41.61.31 ,port 9848 is available , error ={}

java.util.concurrent.ExecutionException: com.alibaba.nacos.shaded.io.grpc.StatusRuntimeException: UNAVAILABLE: io exception
	at com.alibaba.nacos.shaded.com.google.common.util.concurrent.AbstractFuture.getDoneValue(AbstractFuture.java:566) ~[nacos-client-2.0.4.jar:na]
	at com.alibaba.nacos.shaded.com.google.common.util.concurrent.AbstractFuture.get(AbstractFuture.java:445) ~[nacos-client-2.0.4.jar:na]
	at com.alibaba.nacos.common.remote.client.grpc.GrpcClient.serverCheck(GrpcClient.java:148) ~[nacos-client-2.0.4.jar:na]
	at com.alibaba.nacos.common.remote.client.grpc.GrpcClient.connectToServer(GrpcClient.java:264) ~[nacos-client-2.0.4.jar:na]
	at com.alibaba.nacos.common.remote.client.RpcClient.reconnect(RpcClient.java:522) ~[nacos-client-2.0.4.jar:na]
	at com.alibaba.nacos.common.remote.client.RpcClient.lambda$start$2(RpcClient.java:370) ~[nacos-client-2.0.4.jar:na]
	at java.base/java.util.concurrent.Executors$RunnableAdapter.call(Executors.java:515) ~[na:na]
	at java.base/java.util.concurrent.FutureTask.run(FutureTask.java:264) ~[na:na]
	at java.base/java.util.concurrent.ScheduledThreadPoolExecutor$ScheduledFutureTask.run(ScheduledThreadPoolExecutor.java:304) ~[na:na]
	at java.base/java.util.concurrent.ThreadPoolExecutor.runWorker(ThreadPoolExecutor.java:1128) ~[na:na]
	at java.base/java.util.concurrent.ThreadPoolExecutor$Worker.run(ThreadPoolExecutor.java:628) ~[na:na]
	at java.base/java.lang.Thread.run(Thread.java:834) ~[na:na]
Caused by: com.alibaba.nacos.shaded.io.grpc.StatusRuntimeException: UNAVAILABLE: io exception
	at com.alibaba.nacos.shaded.io.grpc.Status.asRuntimeException(Status.java:533) ~[nacos-client-2.0.4.jar:na]
	at com.alibaba.nacos.shaded.io.grpc.stub.ClientCalls$UnaryStreamToFuture.onClose(ClientCalls.java:490) ~[nacos-client-2.0.4.jar:na]
	at com.alibaba.nacos.shaded.io.grpc.PartialForwardingClientCallListener.onClose(PartialForwardingClientCallListener.java:39) ~[nacos-client-2.0.4.jar:na]
	at com.alibaba.nacos.shaded.io.grpc.ForwardingClientCallListener.onClose(ForwardingClientCallListener.java:23) ~[nacos-client-2.0.4.jar:na]
	at com.alibaba.nacos.shaded.io.grpc.ForwardingClientCallListener$SimpleForwardingClientCallListener.onClose(ForwardingClientCallListener.java:40) ~[nacos-client-2.0.4.jar:na]
	at com.alibaba.nacos.shaded.io.grpc.internal.CensusStatsModule$StatsClientInterceptor$1$1.onClose(CensusStatsModule.java:700) ~[nacos-client-2.0.4.jar:na]
	at com.alibaba.nacos.shaded.io.grpc.PartialForwardingClientCallListener.onClose(PartialForwardingClientCallListener.java:39) ~[nacos-client-2.0.4.jar:na]
	at com.alibaba.nacos.shaded.io.grpc.ForwardingClientCallListener.onClose(ForwardingClientCallListener.java:23) ~[nacos-client-2.0.4.jar:na]
	at com.alibaba.nacos.shaded.io.grpc.ForwardingClientCallListener$SimpleForwardingClientCallListener.onClose(ForwardingClientCallListener.java:40) ~[nacos-client-2.0.4.jar:na]
	at com.alibaba.nacos.shaded.io.grpc.internal.CensusTracingModule$TracingClientInterceptor$1$1.onClose(CensusTracingModule.java:399) ~[nacos-client-2.0.4.jar:na]
	at com.alibaba.nacos.shaded.io.grpc.internal.ClientCallImpl.closeObserver(ClientCallImpl.java:510) ~[nacos-client-2.0.4.jar:na]
	at com.alibaba.nacos.shaded.io.grpc.internal.ClientCallImpl.access$300(ClientCallImpl.java:66) ~[nacos-client-2.0.4.jar:na]
	at com.alibaba.nacos.shaded.io.grpc.internal.ClientCallImpl$ClientStreamListenerImpl.close(ClientCallImpl.java:630) ~[nacos-client-2.0.4.jar:na]
	at com.alibaba.nacos.shaded.io.grpc.internal.ClientCallImpl$ClientStreamListenerImpl.access$700(ClientCallImpl.java:518) ~[nacos-client-2.0.4.jar:na]
	at com.alibaba.nacos.shaded.io.grpc.internal.ClientCallImpl$ClientStreamListenerImpl$1StreamClosed.runInternal(ClientCallImpl.java:692) ~[nacos-client-2.0.4.jar:na]
	at com.alibaba.nacos.shaded.io.grpc.internal.ClientCallImpl$ClientStreamListenerImpl$1StreamClosed.runInContext(ClientCallImpl.java:681) ~[nacos-client-2.0.4.jar:na]
	at com.alibaba.nacos.shaded.io.grpc.internal.ContextRunnable.run(ContextRunnable.java:37) ~[nacos-client-2.0.4.jar:na]
	at com.alibaba.nacos.shaded.io.grpc.internal.SerializingExecutor.run(SerializingExecutor.java:123) ~[nacos-client-2.0.4.jar:na]
	... 3 common frames omitted
Caused by: com.alibaba.nacos.shaded.io.grpc.netty.shaded.io.netty.channel.AbstractChannel$AnnotatedConnectException: Connection refused: no further information: /110.41.61.31:9848
Caused by: java.net.ConnectException: Connection refused: no further information
	at java.base/sun.nio.ch.SocketChannelImpl.checkConnect(Native Method) ~[na:na]
	at java.base/sun.nio.ch.SocketChannelImpl.finishConnect(SocketChannelImpl.java:779) ~[na:na]
	at com.alibaba.nacos.shaded.io.grpc.netty.shaded.io.netty.channel.socket.nio.NioSocketChannel.doFinishConnect(NioSocketChannel.java:327) ~[nacos-client-2.0.4.jar:na]
	at com.alibaba.nacos.shaded.io.grpc.netty.shaded.io.netty.channel.nio.AbstractNioChannel$AbstractNioUnsafe.finishConnect(AbstractNioChannel.java:336) ~[nacos-client-2.0.4.jar:na]
	at com.alibaba.nacos.shaded.io.grpc.netty.shaded.io.netty.channel.nio.NioEventLoop.processSelectedKey(NioEventLoop.java:685) ~[nacos-client-2.0.4.jar:na]
	at com.alibaba.nacos.shaded.io.grpc.netty.shaded.io.netty.channel.nio.NioEventLoop.processSelectedKeysOptimized(NioEventLoop.java:632) ~[nacos-client-2.0.4.jar:na]
	at com.alibaba.nacos.shaded.io.grpc.netty.shaded.io.netty.channel.nio.NioEventLoop.processSelectedKeys(NioEventLoop.java:549) ~[nacos-client-2.0.4.jar:na]
	at com.alibaba.nacos.shaded.io.grpc.netty.shaded.io.netty.channel.nio.NioEventLoop.run(NioEventLoop.java:511) ~[nacos-client-2.0.4.jar:na]
	at com.alibaba.nacos.shaded.io.grpc.netty.shaded.io.netty.util.concurrent.SingleThreadEventExecutor$5.run(SingleThreadEventExecutor.java:918) ~[nacos-client-2.0.4.jar:na]
	at com.alibaba.nacos.shaded.io.grpc.netty.shaded.io.netty.util.internal.ThreadExecutorMap$2.run(ThreadExecutorMap.java:74) ~[nacos-client-2.0.4.jar:na]
	at com.alibaba.nacos.shaded.io.grpc.netty.shaded.io.netty.util.concurrent.FastThreadLocalRunnable.run(FastThreadLocalRunnable.java:30) ~[nacos-client-2.0.4.jar:na]
	at java.base/java.lang.Thread.run(Thread.java:834) ~[na:na]

01:21:21:610  INFO 18276 --- [com.alibaba.nacos.client.remote.worker] com.alibaba.nacos.common.remote.client   : [548414fc-90a7-4ceb-b043-0733a8d429ee_config-0] Fail to connect server, after trying 4 times, last try server is {serverIp = '110.41.61.31', server main port = 8848}, error = unknown
01:21:21:680 ERROR 18276 --- [com.alibaba.nacos.client.remote.worker] c.a.n.c.remote.client.grpc.GrpcClient    : Server check fail, please check server 110.41.61.31 ,port 9848 is available , error ={}

java.util.concurrent.ExecutionException: com.alibaba.nacos.shaded.io.grpc.StatusRuntimeException: UNAVAILABLE: io exception
	at com.alibaba.nacos.shaded.com.google.common.util.concurrent.AbstractFuture.getDoneValue(AbstractFuture.java:566) ~[nacos-client-2.0.4.jar:na]
	at com.alibaba.nacos.shaded.com.google.common.util.concurrent.AbstractFuture.get(AbstractFuture.java:445) ~[nacos-client-2.0.4.jar:na]
	at com.alibaba.nacos.common.remote.client.grpc.GrpcClient.serverCheck(GrpcClient.java:148) ~[nacos-client-2.0.4.jar:na]
	at com.alibaba.nacos.common.remote.client.grpc.GrpcClient.connectToServer(GrpcClient.java:264) ~[nacos-client-2.0.4.jar:na]
	at com.alibaba.nacos.common.remote.client.RpcClient.reconnect(RpcClient.java:522) ~[nacos-client-2.0.4.jar:na]
	at com.alibaba.nacos.common.remote.client.RpcClient.lambda$start$2(RpcClient.java:370) ~[nacos-client-2.0.4.jar:na]
	at java.base/java.util.concurrent.Executors$RunnableAdapter.call(Executors.java:515) ~[na:na]
	at java.base/java.util.concurrent.FutureTask.run(FutureTask.java:264) ~[na:na]
	at java.base/java.util.concurrent.ScheduledThreadPoolExecutor$ScheduledFutureTask.run(ScheduledThreadPoolExecutor.java:304) ~[na:na]
	at java.base/java.util.concurrent.ThreadPoolExecutor.runWorker(ThreadPoolExecutor.java:1128) ~[na:na]
	at java.base/java.util.concurrent.ThreadPoolExecutor$Worker.run(ThreadPoolExecutor.java:628) ~[na:na]
	at java.base/java.lang.Thread.run(Thread.java:834) ~[na:na]
Caused by: com.alibaba.nacos.shaded.io.grpc.StatusRuntimeException: UNAVAILABLE: io exception
	at com.alibaba.nacos.shaded.io.grpc.Status.asRuntimeException(Status.java:533) ~[nacos-client-2.0.4.jar:na]
	at com.alibaba.nacos.shaded.io.grpc.stub.ClientCalls$UnaryStreamToFuture.onClose(ClientCalls.java:490) ~[nacos-client-2.0.4.jar:na]
	at com.alibaba.nacos.shaded.io.grpc.PartialForwardingClientCallListener.onClose(PartialForwardingClientCallListener.java:39) ~[nacos-client-2.0.4.jar:na]
	at com.alibaba.nacos.shaded.io.grpc.ForwardingClientCallListener.onClose(ForwardingClientCallListener.java:23) ~[nacos-client-2.0.4.jar:na]
	at com.alibaba.nacos.shaded.io.grpc.ForwardingClientCallListener$SimpleForwardingClientCallListener.onClose(ForwardingClientCallListener.java:40) ~[nacos-client-2.0.4.jar:na]
	at com.alibaba.nacos.shaded.io.grpc.internal.CensusStatsModule$StatsClientInterceptor$1$1.onClose(CensusStatsModule.java:700) ~[nacos-client-2.0.4.jar:na]
	at com.alibaba.nacos.shaded.io.grpc.PartialForwardingClientCallListener.onClose(PartialForwardingClientCallListener.java:39) ~[nacos-client-2.0.4.jar:na]
	at com.alibaba.nacos.shaded.io.grpc.ForwardingClientCallListener.onClose(ForwardingClientCallListener.java:23) ~[nacos-client-2.0.4.jar:na]
	at com.alibaba.nacos.shaded.io.grpc.ForwardingClientCallListener$SimpleForwardingClientCallListener.onClose(ForwardingClientCallListener.java:40) ~[nacos-client-2.0.4.jar:na]
	at com.alibaba.nacos.shaded.io.grpc.internal.CensusTracingModule$TracingClientInterceptor$1$1.onClose(CensusTracingModule.java:399) ~[nacos-client-2.0.4.jar:na]
	at com.alibaba.nacos.shaded.io.grpc.internal.ClientCallImpl.closeObserver(ClientCallImpl.java:510) ~[nacos-client-2.0.4.jar:na]
	at com.alibaba.nacos.shaded.io.grpc.internal.ClientCallImpl.access$300(ClientCallImpl.java:66) ~[nacos-client-2.0.4.jar:na]
	at com.alibaba.nacos.shaded.io.grpc.internal.ClientCallImpl$ClientStreamListenerImpl.close(ClientCallImpl.java:630) ~[nacos-client-2.0.4.jar:na]
	at com.alibaba.nacos.shaded.io.grpc.internal.ClientCallImpl$ClientStreamListenerImpl.access$700(ClientCallImpl.java:518) ~[nacos-client-2.0.4.jar:na]
	at com.alibaba.nacos.shaded.io.grpc.internal.ClientCallImpl$ClientStreamListenerImpl$1StreamClosed.runInternal(ClientCallImpl.java:692) ~[nacos-client-2.0.4.jar:na]
	at com.alibaba.nacos.shaded.io.grpc.internal.ClientCallImpl$ClientStreamListenerImpl$1StreamClosed.runInContext(ClientCallImpl.java:681) ~[nacos-client-2.0.4.jar:na]
	at com.alibaba.nacos.shaded.io.grpc.internal.ContextRunnable.run(ContextRunnable.java:37) ~[nacos-client-2.0.4.jar:na]
	at com.alibaba.nacos.shaded.io.grpc.internal.SerializingExecutor.run(SerializingExecutor.java:123) ~[nacos-client-2.0.4.jar:na]
	... 3 common frames omitted
Caused by: com.alibaba.nacos.shaded.io.grpc.netty.shaded.io.netty.channel.AbstractChannel$AnnotatedConnectException: Connection refused: no further information: /110.41.61.31:9848
Caused by: java.net.ConnectException: Connection refused: no further information
	at java.base/sun.nio.ch.SocketChannelImpl.checkConnect(Native Method) ~[na:na]
	at java.base/sun.nio.ch.SocketChannelImpl.finishConnect(SocketChannelImpl.java:779) ~[na:na]
	at com.alibaba.nacos.shaded.io.grpc.netty.shaded.io.netty.channel.socket.nio.NioSocketChannel.doFinishConnect(NioSocketChannel.java:327) ~[nacos-client-2.0.4.jar:na]
	at com.alibaba.nacos.shaded.io.grpc.netty.shaded.io.netty.channel.nio.AbstractNioChannel$AbstractNioUnsafe.finishConnect(AbstractNioChannel.java:336) ~[nacos-client-2.0.4.jar:na]
	at com.alibaba.nacos.shaded.io.grpc.netty.shaded.io.netty.channel.nio.NioEventLoop.processSelectedKey(NioEventLoop.java:685) ~[nacos-client-2.0.4.jar:na]
	at com.alibaba.nacos.shaded.io.grpc.netty.shaded.io.netty.channel.nio.NioEventLoop.processSelectedKeysOptimized(NioEventLoop.java:632) ~[nacos-client-2.0.4.jar:na]
	at com.alibaba.nacos.shaded.io.grpc.netty.shaded.io.netty.channel.nio.NioEventLoop.processSelectedKeys(NioEventLoop.java:549) ~[nacos-client-2.0.4.jar:na]
	at com.alibaba.nacos.shaded.io.grpc.netty.shaded.io.netty.channel.nio.NioEventLoop.run(NioEventLoop.java:511) ~[nacos-client-2.0.4.jar:na]
	at com.alibaba.nacos.shaded.io.grpc.netty.shaded.io.netty.util.concurrent.SingleThreadEventExecutor$5.run(SingleThreadEventExecutor.java:918) ~[nacos-client-2.0.4.jar:na]
	at com.alibaba.nacos.shaded.io.grpc.netty.shaded.io.netty.util.internal.ThreadExecutorMap$2.run(ThreadExecutorMap.java:74) ~[nacos-client-2.0.4.jar:na]
	at com.alibaba.nacos.shaded.io.grpc.netty.shaded.io.netty.util.concurrent.FastThreadLocalRunnable.run(FastThreadLocalRunnable.java:30) ~[nacos-client-2.0.4.jar:na]
	at java.base/java.lang.Thread.run(Thread.java:834) ~[na:na]

01:21:21:681  INFO 18276 --- [com.alibaba.nacos.client.remote.worker] com.alibaba.nacos.common.remote.client   : [dbf562ef-7ae2-4b28-9dda-8a53f8177d8f] Fail to connect server, after trying 4 times, last try server is {serverIp = '110.41.61.31', server main port = 8848}, error = unknown
01:21:24:438 ERROR 18276 --- [com.alibaba.nacos.client.remote.worker] c.a.n.c.remote.client.grpc.GrpcClient    : Server check fail, please check server 110.41.61.31 ,port 9848 is available , error ={}

java.util.concurrent.ExecutionException: com.alibaba.nacos.shaded.io.grpc.StatusRuntimeException: UNAVAILABLE: io exception
	at com.alibaba.nacos.shaded.com.google.common.util.concurrent.AbstractFuture.getDoneValue(AbstractFuture.java:566) ~[nacos-client-2.0.4.jar:na]
	at com.alibaba.nacos.shaded.com.google.common.util.concurrent.AbstractFuture.get(AbstractFuture.java:445) ~[nacos-client-2.0.4.jar:na]
	at com.alibaba.nacos.common.remote.client.grpc.GrpcClient.serverCheck(GrpcClient.java:148) ~[nacos-client-2.0.4.jar:na]
	at com.alibaba.nacos.common.remote.client.grpc.GrpcClient.connectToServer(GrpcClient.java:264) ~[nacos-client-2.0.4.jar:na]
	at com.alibaba.nacos.common.remote.client.RpcClient.reconnect(RpcClient.java:522) ~[nacos-client-2.0.4.jar:na]
	at com.alibaba.nacos.common.remote.client.RpcClient.lambda$start$2(RpcClient.java:370) ~[nacos-client-2.0.4.jar:na]
	at java.base/java.util.concurrent.Executors$RunnableAdapter.call(Executors.java:515) ~[na:na]
	at java.base/java.util.concurrent.FutureTask.run(FutureTask.java:264) ~[na:na]
	at java.base/java.util.concurrent.ScheduledThreadPoolExecutor$ScheduledFutureTask.run(ScheduledThreadPoolExecutor.java:304) ~[na:na]
	at java.base/java.util.concurrent.ThreadPoolExecutor.runWorker(ThreadPoolExecutor.java:1128) ~[na:na]
	at java.base/java.util.concurrent.ThreadPoolExecutor$Worker.run(ThreadPoolExecutor.java:628) ~[na:na]
	at java.base/java.lang.Thread.run(Thread.java:834) ~[na:na]
Caused by: com.alibaba.nacos.shaded.io.grpc.StatusRuntimeException: UNAVAILABLE: io exception
	at com.alibaba.nacos.shaded.io.grpc.Status.asRuntimeException(Status.java:533) ~[nacos-client-2.0.4.jar:na]
	at com.alibaba.nacos.shaded.io.grpc.stub.ClientCalls$UnaryStreamToFuture.onClose(ClientCalls.java:490) ~[nacos-client-2.0.4.jar:na]
	at com.alibaba.nacos.shaded.io.grpc.PartialForwardingClientCallListener.onClose(PartialForwardingClientCallListener.java:39) ~[nacos-client-2.0.4.jar:na]
	at com.alibaba.nacos.shaded.io.grpc.ForwardingClientCallListener.onClose(ForwardingClientCallListener.java:23) ~[nacos-client-2.0.4.jar:na]
	at com.alibaba.nacos.shaded.io.grpc.ForwardingClientCallListener$SimpleForwardingClientCallListener.onClose(ForwardingClientCallListener.java:40) ~[nacos-client-2.0.4.jar:na]
	at com.alibaba.nacos.shaded.io.grpc.internal.CensusStatsModule$StatsClientInterceptor$1$1.onClose(CensusStatsModule.java:700) ~[nacos-client-2.0.4.jar:na]
	at com.alibaba.nacos.shaded.io.grpc.PartialForwardingClientCallListener.onClose(PartialForwardingClientCallListener.java:39) ~[nacos-client-2.0.4.jar:na]
	at com.alibaba.nacos.shaded.io.grpc.ForwardingClientCallListener.onClose(ForwardingClientCallListener.java:23) ~[nacos-client-2.0.4.jar:na]
	at com.alibaba.nacos.shaded.io.grpc.ForwardingClientCallListener$SimpleForwardingClientCallListener.onClose(ForwardingClientCallListener.java:40) ~[nacos-client-2.0.4.jar:na]
	at com.alibaba.nacos.shaded.io.grpc.internal.CensusTracingModule$TracingClientInterceptor$1$1.onClose(CensusTracingModule.java:399) ~[nacos-client-2.0.4.jar:na]
	at com.alibaba.nacos.shaded.io.grpc.internal.ClientCallImpl.closeObserver(ClientCallImpl.java:510) ~[nacos-client-2.0.4.jar:na]
	at com.alibaba.nacos.shaded.io.grpc.internal.ClientCallImpl.access$300(ClientCallImpl.java:66) ~[nacos-client-2.0.4.jar:na]
	at com.alibaba.nacos.shaded.io.grpc.internal.ClientCallImpl$ClientStreamListenerImpl.close(ClientCallImpl.java:630) ~[nacos-client-2.0.4.jar:na]
	at com.alibaba.nacos.shaded.io.grpc.internal.ClientCallImpl$ClientStreamListenerImpl.access$700(ClientCallImpl.java:518) ~[nacos-client-2.0.4.jar:na]
	at com.alibaba.nacos.shaded.io.grpc.internal.ClientCallImpl$ClientStreamListenerImpl$1StreamClosed.runInternal(ClientCallImpl.java:692) ~[nacos-client-2.0.4.jar:na]
	at com.alibaba.nacos.shaded.io.grpc.internal.ClientCallImpl$ClientStreamListenerImpl$1StreamClosed.runInContext(ClientCallImpl.java:681) ~[nacos-client-2.0.4.jar:na]
	at com.alibaba.nacos.shaded.io.grpc.internal.ContextRunnable.run(ContextRunnable.java:37) ~[nacos-client-2.0.4.jar:na]
	at com.alibaba.nacos.shaded.io.grpc.internal.SerializingExecutor.run(SerializingExecutor.java:123) ~[nacos-client-2.0.4.jar:na]
	... 3 common frames omitted
Caused by: com.alibaba.nacos.shaded.io.grpc.netty.shaded.io.netty.channel.AbstractChannel$AnnotatedConnectException: Connection refused: no further information: /110.41.61.31:9848
Caused by: java.net.ConnectException: Connection refused: no further information
	at java.base/sun.nio.ch.SocketChannelImpl.checkConnect(Native Method) ~[na:na]
	at java.base/sun.nio.ch.SocketChannelImpl.finishConnect(SocketChannelImpl.java:779) ~[na:na]
	at com.alibaba.nacos.shaded.io.grpc.netty.shaded.io.netty.channel.socket.nio.NioSocketChannel.doFinishConnect(NioSocketChannel.java:327) ~[nacos-client-2.0.4.jar:na]
	at com.alibaba.nacos.shaded.io.grpc.netty.shaded.io.netty.channel.nio.AbstractNioChannel$AbstractNioUnsafe.finishConnect(AbstractNioChannel.java:336) ~[nacos-client-2.0.4.jar:na]
	at com.alibaba.nacos.shaded.io.grpc.netty.shaded.io.netty.channel.nio.NioEventLoop.processSelectedKey(NioEventLoop.java:685) ~[nacos-client-2.0.4.jar:na]
	at com.alibaba.nacos.shaded.io.grpc.netty.shaded.io.netty.channel.nio.NioEventLoop.processSelectedKeysOptimized(NioEventLoop.java:632) ~[nacos-client-2.0.4.jar:na]
	at com.alibaba.nacos.shaded.io.grpc.netty.shaded.io.netty.channel.nio.NioEventLoop.processSelectedKeys(NioEventLoop.java:549) ~[nacos-client-2.0.4.jar:na]
	at com.alibaba.nacos.shaded.io.grpc.netty.shaded.io.netty.channel.nio.NioEventLoop.run(NioEventLoop.java:511) ~[nacos-client-2.0.4.jar:na]
	at com.alibaba.nacos.shaded.io.grpc.netty.shaded.io.netty.util.concurrent.SingleThreadEventExecutor$5.run(SingleThreadEventExecutor.java:918) ~[nacos-client-2.0.4.jar:na]
	at com.alibaba.nacos.shaded.io.grpc.netty.shaded.io.netty.util.internal.ThreadExecutorMap$2.run(ThreadExecutorMap.java:74) ~[nacos-client-2.0.4.jar:na]
	at com.alibaba.nacos.shaded.io.grpc.netty.shaded.io.netty.util.concurrent.FastThreadLocalRunnable.run(FastThreadLocalRunnable.java:30) ~[nacos-client-2.0.4.jar:na]
	at java.base/java.lang.Thread.run(Thread.java:834) ~[na:na]

01:21:24:438  INFO 18276 --- [com.alibaba.nacos.client.remote.worker] com.alibaba.nacos.common.remote.client   : [548414fc-90a7-4ceb-b043-0733a8d429ee_config-0] Fail to connect server, after trying 5 times, last try server is {serverIp = '110.41.61.31', server main port = 8848}, error = unknown
01:21:24:525 ERROR 18276 --- [com.alibaba.nacos.client.remote.worker] c.a.n.c.remote.client.grpc.GrpcClient    : Server check fail, please check server 110.41.61.31 ,port 9848 is available , error ={}

java.util.concurrent.ExecutionException: com.alibaba.nacos.shaded.io.grpc.StatusRuntimeException: UNAVAILABLE: io exception
	at com.alibaba.nacos.shaded.com.google.common.util.concurrent.AbstractFuture.getDoneValue(AbstractFuture.java:566) ~[nacos-client-2.0.4.jar:na]
	at com.alibaba.nacos.shaded.com.google.common.util.concurrent.AbstractFuture.get(AbstractFuture.java:445) ~[nacos-client-2.0.4.jar:na]
	at com.alibaba.nacos.common.remote.client.grpc.GrpcClient.serverCheck(GrpcClient.java:148) ~[nacos-client-2.0.4.jar:na]
	at com.alibaba.nacos.common.remote.client.grpc.GrpcClient.connectToServer(GrpcClient.java:264) ~[nacos-client-2.0.4.jar:na]
	at com.alibaba.nacos.common.remote.client.RpcClient.reconnect(RpcClient.java:522) ~[nacos-client-2.0.4.jar:na]
	at com.alibaba.nacos.common.remote.client.RpcClient.lambda$start$2(RpcClient.java:370) ~[nacos-client-2.0.4.jar:na]
	at java.base/java.util.concurrent.Executors$RunnableAdapter.call(Executors.java:515) ~[na:na]
	at java.base/java.util.concurrent.FutureTask.run(FutureTask.java:264) ~[na:na]
	at java.base/java.util.concurrent.ScheduledThreadPoolExecutor$ScheduledFutureTask.run(ScheduledThreadPoolExecutor.java:304) ~[na:na]
	at java.base/java.util.concurrent.ThreadPoolExecutor.runWorker(ThreadPoolExecutor.java:1128) ~[na:na]
	at java.base/java.util.concurrent.ThreadPoolExecutor$Worker.run(ThreadPoolExecutor.java:628) ~[na:na]
	at java.base/java.lang.Thread.run(Thread.java:834) ~[na:na]
Caused by: com.alibaba.nacos.shaded.io.grpc.StatusRuntimeException: UNAVAILABLE: io exception
	at com.alibaba.nacos.shaded.io.grpc.Status.asRuntimeException(Status.java:533) ~[nacos-client-2.0.4.jar:na]
	at com.alibaba.nacos.shaded.io.grpc.stub.ClientCalls$UnaryStreamToFuture.onClose(ClientCalls.java:490) ~[nacos-client-2.0.4.jar:na]
	at com.alibaba.nacos.shaded.io.grpc.PartialForwardingClientCallListener.onClose(PartialForwardingClientCallListener.java:39) ~[nacos-client-2.0.4.jar:na]
	at com.alibaba.nacos.shaded.io.grpc.ForwardingClientCallListener.onClose(ForwardingClientCallListener.java:23) ~[nacos-client-2.0.4.jar:na]
	at com.alibaba.nacos.shaded.io.grpc.ForwardingClientCallListener$SimpleForwardingClientCallListener.onClose(ForwardingClientCallListener.java:40) ~[nacos-client-2.0.4.jar:na]
	at com.alibaba.nacos.shaded.io.grpc.internal.CensusStatsModule$StatsClientInterceptor$1$1.onClose(CensusStatsModule.java:700) ~[nacos-client-2.0.4.jar:na]
	at com.alibaba.nacos.shaded.io.grpc.PartialForwardingClientCallListener.onClose(PartialForwardingClientCallListener.java:39) ~[nacos-client-2.0.4.jar:na]
	at com.alibaba.nacos.shaded.io.grpc.ForwardingClientCallListener.onClose(ForwardingClientCallListener.java:23) ~[nacos-client-2.0.4.jar:na]
	at com.alibaba.nacos.shaded.io.grpc.ForwardingClientCallListener$SimpleForwardingClientCallListener.onClose(ForwardingClientCallListener.java:40) ~[nacos-client-2.0.4.jar:na]
	at com.alibaba.nacos.shaded.io.grpc.internal.CensusTracingModule$TracingClientInterceptor$1$1.onClose(CensusTracingModule.java:399) ~[nacos-client-2.0.4.jar:na]
	at com.alibaba.nacos.shaded.io.grpc.internal.ClientCallImpl.closeObserver(ClientCallImpl.java:510) ~[nacos-client-2.0.4.jar:na]
	at com.alibaba.nacos.shaded.io.grpc.internal.ClientCallImpl.access$300(ClientCallImpl.java:66) ~[nacos-client-2.0.4.jar:na]
	at com.alibaba.nacos.shaded.io.grpc.internal.ClientCallImpl$ClientStreamListenerImpl.close(ClientCallImpl.java:630) ~[nacos-client-2.0.4.jar:na]
	at com.alibaba.nacos.shaded.io.grpc.internal.ClientCallImpl$ClientStreamListenerImpl.access$700(ClientCallImpl.java:518) ~[nacos-client-2.0.4.jar:na]
	at com.alibaba.nacos.shaded.io.grpc.internal.ClientCallImpl$ClientStreamListenerImpl$1StreamClosed.runInternal(ClientCallImpl.java:692) ~[nacos-client-2.0.4.jar:na]
	at com.alibaba.nacos.shaded.io.grpc.internal.ClientCallImpl$ClientStreamListenerImpl$1StreamClosed.runInContext(ClientCallImpl.java:681) ~[nacos-client-2.0.4.jar:na]
	at com.alibaba.nacos.shaded.io.grpc.internal.ContextRunnable.run(ContextRunnable.java:37) ~[nacos-client-2.0.4.jar:na]
	at com.alibaba.nacos.shaded.io.grpc.internal.SerializingExecutor.run(SerializingExecutor.java:123) ~[nacos-client-2.0.4.jar:na]
	... 3 common frames omitted
Caused by: com.alibaba.nacos.shaded.io.grpc.netty.shaded.io.netty.channel.AbstractChannel$AnnotatedConnectException: Connection refused: no further information: /110.41.61.31:9848
Caused by: java.net.ConnectException: Connection refused: no further information
	at java.base/sun.nio.ch.SocketChannelImpl.checkConnect(Native Method) ~[na:na]
	at java.base/sun.nio.ch.SocketChannelImpl.finishConnect(SocketChannelImpl.java:779) ~[na:na]
	at com.alibaba.nacos.shaded.io.grpc.netty.shaded.io.netty.channel.socket.nio.NioSocketChannel.doFinishConnect(NioSocketChannel.java:327) ~[nacos-client-2.0.4.jar:na]
	at com.alibaba.nacos.shaded.io.grpc.netty.shaded.io.netty.channel.nio.AbstractNioChannel$AbstractNioUnsafe.finishConnect(AbstractNioChannel.java:336) ~[nacos-client-2.0.4.jar:na]
	at com.alibaba.nacos.shaded.io.grpc.netty.shaded.io.netty.channel.nio.NioEventLoop.processSelectedKey(NioEventLoop.java:685) ~[nacos-client-2.0.4.jar:na]
	at com.alibaba.nacos.shaded.io.grpc.netty.shaded.io.netty.channel.nio.NioEventLoop.processSelectedKeysOptimized(NioEventLoop.java:632) ~[nacos-client-2.0.4.jar:na]
	at com.alibaba.nacos.shaded.io.grpc.netty.shaded.io.netty.channel.nio.NioEventLoop.processSelectedKeys(NioEventLoop.java:549) ~[nacos-client-2.0.4.jar:na]
	at com.alibaba.nacos.shaded.io.grpc.netty.shaded.io.netty.channel.nio.NioEventLoop.run(NioEventLoop.java:511) ~[nacos-client-2.0.4.jar:na]
	at com.alibaba.nacos.shaded.io.grpc.netty.shaded.io.netty.util.concurrent.SingleThreadEventExecutor$5.run(SingleThreadEventExecutor.java:918) ~[nacos-client-2.0.4.jar:na]
	at com.alibaba.nacos.shaded.io.grpc.netty.shaded.io.netty.util.internal.ThreadExecutorMap$2.run(ThreadExecutorMap.java:74) ~[nacos-client-2.0.4.jar:na]
	at com.alibaba.nacos.shaded.io.grpc.netty.shaded.io.netty.util.concurrent.FastThreadLocalRunnable.run(FastThreadLocalRunnable.java:30) ~[nacos-client-2.0.4.jar:na]
	at java.base/java.lang.Thread.run(Thread.java:834) ~[na:na]

01:21:24:526  INFO 18276 --- [com.alibaba.nacos.client.remote.worker] com.alibaba.nacos.common.remote.client   : [dbf562ef-7ae2-4b28-9dda-8a53f8177d8f] Fail to connect server, after trying 5 times, last try server is {serverIp = '110.41.61.31', server main port = 8848}, error = unknown
01:21:28:064 ERROR 18276 --- [com.alibaba.nacos.client.remote.worker] c.a.n.c.remote.client.grpc.GrpcClient    : Server check fail, please check server 110.41.61.31 ,port 9848 is available , error ={}

java.util.concurrent.TimeoutException: Waited 3000 milliseconds (plus 12 milliseconds, 68900 nanoseconds delay) for com.alibaba.nacos.shaded.io.grpc.stub.ClientCalls$GrpcFuture@3f68ccda[status=PENDING, info=[GrpcFuture{clientCall={delegate={delegate=ClientCallImpl{method=MethodDescriptor{fullMethodName=Request/request, type=UNARY, idempotent=false, safe=false, sampledToLocalTracing=true, requestMarshaller=com.alibaba.nacos.shaded.io.grpc.protobuf.lite.ProtoLiteUtils$MessageMarshaller@404db674, responseMarshaller=com.alibaba.nacos.shaded.io.grpc.protobuf.lite.ProtoLiteUtils$MessageMarshaller@50f097b5, schemaDescriptor=com.alibaba.nacos.api.grpc.auto.RequestGrpc$RequestMethodDescriptorSupplier@7add838c}}}}}]]
	at com.alibaba.nacos.shaded.com.google.common.util.concurrent.AbstractFuture.get(AbstractFuture.java:508) ~[nacos-client-2.0.4.jar:na]
	at com.alibaba.nacos.common.remote.client.grpc.GrpcClient.serverCheck(GrpcClient.java:148) ~[nacos-client-2.0.4.jar:na]
	at com.alibaba.nacos.common.remote.client.grpc.GrpcClient.connectToServer(GrpcClient.java:264) ~[nacos-client-2.0.4.jar:na]
	at com.alibaba.nacos.common.remote.client.RpcClient.reconnect(RpcClient.java:522) ~[nacos-client-2.0.4.jar:na]
	at com.alibaba.nacos.common.remote.client.RpcClient.lambda$start$2(RpcClient.java:370) ~[nacos-client-2.0.4.jar:na]
	at java.base/java.util.concurrent.Executors$RunnableAdapter.call(Executors.java:515) ~[na:na]
	at java.base/java.util.concurrent.FutureTask.run(FutureTask.java:264) ~[na:na]
	at java.base/java.util.concurrent.ScheduledThreadPoolExecutor$ScheduledFutureTask.run(ScheduledThreadPoolExecutor.java:304) ~[na:na]
	at java.base/java.util.concurrent.ThreadPoolExecutor.runWorker(ThreadPoolExecutor.java:1128) ~[na:na]
	at java.base/java.util.concurrent.ThreadPoolExecutor$Worker.run(ThreadPoolExecutor.java:628) ~[na:na]
	at java.base/java.lang.Thread.run(Thread.java:834) ~[na:na]

01:21:28:065  INFO 18276 --- [com.alibaba.nacos.client.remote.worker] com.alibaba.nacos.common.remote.client   : [548414fc-90a7-4ceb-b043-0733a8d429ee_config-0] Fail to connect server, after trying 6 times, last try server is {serverIp = '110.41.61.31', server main port = 8848}, error = unknown
01:21:28:140 ERROR 18276 --- [com.alibaba.nacos.client.remote.worker] c.a.n.c.remote.client.grpc.GrpcClient    : Server check fail, please check server 110.41.61.31 ,port 9848 is available , error ={}

java.util.concurrent.TimeoutException: Waited 3000 milliseconds (plus 8 milliseconds, 351500 nanoseconds delay) for com.alibaba.nacos.shaded.io.grpc.stub.ClientCalls$GrpcFuture@5fd9a750[status=PENDING, info=[GrpcFuture{clientCall={delegate={delegate=ClientCallImpl{method=MethodDescriptor{fullMethodName=Request/request, type=UNARY, idempotent=false, safe=false, sampledToLocalTracing=true, requestMarshaller=com.alibaba.nacos.shaded.io.grpc.protobuf.lite.ProtoLiteUtils$MessageMarshaller@404db674, responseMarshaller=com.alibaba.nacos.shaded.io.grpc.protobuf.lite.ProtoLiteUtils$MessageMarshaller@50f097b5, schemaDescriptor=com.alibaba.nacos.api.grpc.auto.RequestGrpc$RequestMethodDescriptorSupplier@7add838c}}}}}]]
	at com.alibaba.nacos.shaded.com.google.common.util.concurrent.AbstractFuture.get(AbstractFuture.java:508) ~[nacos-client-2.0.4.jar:na]
	at com.alibaba.nacos.common.remote.client.grpc.GrpcClient.serverCheck(GrpcClient.java:148) ~[nacos-client-2.0.4.jar:na]
	at com.alibaba.nacos.common.remote.client.grpc.GrpcClient.connectToServer(GrpcClient.java:264) ~[nacos-client-2.0.4.jar:na]
	at com.alibaba.nacos.common.remote.client.RpcClient.reconnect(RpcClient.java:522) ~[nacos-client-2.0.4.jar:na]
	at com.alibaba.nacos.common.remote.client.RpcClient.lambda$start$2(RpcClient.java:370) ~[nacos-client-2.0.4.jar:na]
	at java.base/java.util.concurrent.Executors$RunnableAdapter.call(Executors.java:515) ~[na:na]
	at java.base/java.util.concurrent.FutureTask.run(FutureTask.java:264) ~[na:na]
	at java.base/java.util.concurrent.ScheduledThreadPoolExecutor$ScheduledFutureTask.run(ScheduledThreadPoolExecutor.java:304) ~[na:na]
	at java.base/java.util.concurrent.ThreadPoolExecutor.runWorker(ThreadPoolExecutor.java:1128) ~[na:na]
	at java.base/java.util.concurrent.ThreadPoolExecutor$Worker.run(ThreadPoolExecutor.java:628) ~[na:na]
	at java.base/java.lang.Thread.run(Thread.java:834) ~[na:na]

01:21:28:141  INFO 18276 --- [com.alibaba.nacos.client.remote.worker] com.alibaba.nacos.common.remote.client   : [dbf562ef-7ae2-4b28-9dda-8a53f8177d8f] Fail to connect server, after trying 6 times, last try server is {serverIp = '110.41.61.31', server main port = 8848}, error = unknown
01:21:28:948  INFO 18276 --- [com.alibaba.nacos.client.remote.worker] com.alibaba.nacos.common.remote.client   : [548414fc-90a7-4ceb-b043-0733a8d429ee_config-0] Fail to connect server, after trying 7 times, last try server is {serverIp = '110.41.61.31', server main port = 8848}, error = unknown
01:21:29:108  INFO 18276 --- [com.alibaba.nacos.client.remote.worker] com.alibaba.nacos.common.remote.client   : [dbf562ef-7ae2-4b28-9dda-8a53f8177d8f] Fail to connect server, after trying 7 times, last try server is {serverIp = '110.41.61.31', server main port = 8848}, error = unknown
01:21:29:918  INFO 18276 --- [com.alibaba.nacos.client.remote.worker] com.alibaba.nacos.common.remote.client   : [548414fc-90a7-4ceb-b043-0733a8d429ee_config-0] Fail to connect server, after trying 8 times, last try server is {serverIp = '110.41.61.31', server main port = 8848}, error = unknown
01:21:30:137  INFO 18276 --- [com.alibaba.nacos.client.remote.worker] com.alibaba.nacos.common.remote.client   : [dbf562ef-7ae2-4b28-9dda-8a53f8177d8f] Fail to connect server, after trying 8 times, last try server is {serverIp = '110.41.61.31', server main port = 8848}, error = unknown
01:21:30:989  INFO 18276 --- [com.alibaba.nacos.client.remote.worker] com.alibaba.nacos.common.remote.client   : [548414fc-90a7-4ceb-b043-0733a8d429ee_config-0] Fail to connect server, after trying 9 times, last try server is {serverIp = '110.41.61.31', server main port = 8848}, error = unknown
01:21:31:243  INFO 18276 --- [com.alibaba.nacos.client.remote.worker] com.alibaba.nacos.common.remote.client   : [dbf562ef-7ae2-4b28-9dda-8a53f8177d8f] Fail to connect server, after trying 9 times, last try server is {serverIp = '110.41.61.31', server main port = 8848}, error = unknown
01:21:32:377  INFO 18276 --- [com.alibaba.nacos.client.remote.worker] com.alibaba.nacos.common.remote.client   : [548414fc-90a7-4ceb-b043-0733a8d429ee_config-0] Fail to connect server, after trying 10 times, last try server is {serverIp = '110.41.61.31', server main port = 8848}, error = unknown
01:21:32:419  INFO 18276 --- [com.alibaba.nacos.client.remote.worker] com.alibaba.nacos.common.remote.client   : [dbf562ef-7ae2-4b28-9dda-8a53f8177d8f] Fail to connect server, after trying 10 times, last try server is {serverIp = '110.41.61.31', server main port = 8848}, error = unknown
01:21:33:878  INFO 18276 --- [com.alibaba.nacos.client.remote.worker] com.alibaba.nacos.common.remote.client   : [548414fc-90a7-4ceb-b043-0733a8d429ee_config-0] Success to connect a server [110.41.61.31:8848], connectionId = 1764609692664_120.32.141.64_6046
01:21:33:878  INFO 18276 --- [com.alibaba.nacos.client.remote.worker] com.alibaba.nacos.common.remote.client   : [dbf562ef-7ae2-4b28-9dda-8a53f8177d8f] Success to connect a server [110.41.61.31:8848], connectionId = 1764609692665_120.32.141.64_6047
01:21:33:878  INFO 18276 --- [com.alibaba.nacos.client.remote.worker] com.alibaba.nacos.common.remote.client   : [548414fc-90a7-4ceb-b043-0733a8d429ee_config-0] Abandon prev connection, server is 110.41.61.31:8848, connectionId is 1764609660812_120.32.141.64_5898
01:21:33:878  INFO 18276 --- [com.alibaba.nacos.client.remote.worker] com.alibaba.nacos.common.remote.client   : [dbf562ef-7ae2-4b28-9dda-8a53f8177d8f] Abandon prev connection, server is 110.41.61.31:8848, connectionId is 1764609660357_120.32.141.64_5896
01:21:33:879  INFO 18276 --- [com.alibaba.nacos.client.remote.worker] com.alibaba.nacos.common.remote.client   : Close current connection 1764609660357_120.32.141.64_5896
01:21:33:879  INFO 18276 --- [com.alibaba.nacos.client.remote.worker] com.alibaba.nacos.common.remote.client   : Close current connection 1764609660812_120.32.141.64_5898
01:21:33:879  INFO 18276 --- [com.alibaba.nacos.client.remote.worker] com.alibaba.nacos.common.remote.client   : [548414fc-90a7-4ceb-b043-0733a8d429ee_config-0] Notify disconnected event to listeners
01:21:33:879  INFO 18276 --- [com.alibaba.nacos.client.remote.worker] com.alibaba.nacos.common.remote.client   : [dbf562ef-7ae2-4b28-9dda-8a53f8177d8f] Notify disconnected event to listeners
01:21:33:879  INFO 18276 --- [com.alibaba.nacos.client.remote.worker] com.alibaba.nacos.common.remote.client   : [548414fc-90a7-4ceb-b043-0733a8d429ee_config-0] Notify connected event to listeners.
01:21:33:880  INFO 18276 --- [com.alibaba.nacos.client.remote.worker] com.alibaba.nacos.common.remote.client   : [dbf562ef-7ae2-4b28-9dda-8a53f8177d8f] Notify connected event to listeners.
01:21:34:935  INFO 18276 --- [nacos-grpc-client-executor-43] com.alibaba.nacos.common.remote.client   : [dbf562ef-7ae2-4b28-9dda-8a53f8177d8f] Receive server push request, request = NotifySubscriberRequest, requestId = 2
01:21:34:936  INFO 18276 --- [nacos-grpc-client-executor-43] com.alibaba.nacos.common.remote.client   : [dbf562ef-7ae2-4b28-9dda-8a53f8177d8f] Ack server push request, request = NotifySubscriberRequest, requestId = 2
01:23:10:066  INFO 18276 --- [nacos-grpc-client-executor-68] com.alibaba.nacos.common.remote.client   : [dbf562ef-7ae2-4b28-9dda-8a53f8177d8f] Receive server push request, request = NotifySubscriberRequest, requestId = 7
01:23:10:066  INFO 18276 --- [nacos-grpc-client-executor-68] com.alibaba.nacos.common.remote.client   : [dbf562ef-7ae2-4b28-9dda-8a53f8177d8f] Ack server push request, request = NotifySubscriberRequest, requestId = 7
01:23:15:581  INFO 18276 --- [nacos-grpc-client-executor-71] com.alibaba.nacos.common.remote.client   : [dbf562ef-7ae2-4b28-9dda-8a53f8177d8f] Receive server push request, request = NotifySubscriberRequest, requestId = 8
01:23:15:581  INFO 18276 --- [nacos-grpc-client-executor-71] com.alibaba.nacos.common.remote.client   : [dbf562ef-7ae2-4b28-9dda-8a53f8177d8f] Ack server push request, request = NotifySubscriberRequest, requestId = 8
01:27:14:642  INFO 18276 --- [nacos-grpc-client-executor-127] com.alibaba.nacos.common.remote.client   : [dbf562ef-7ae2-4b28-9dda-8a53f8177d8f] Receive server push request, request = NotifySubscriberRequest, requestId = 10
01:27:14:643  INFO 18276 --- [nacos-grpc-client-executor-127] com.alibaba.nacos.common.remote.client   : [dbf562ef-7ae2-4b28-9dda-8a53f8177d8f] Ack server push request, request = NotifySubscriberRequest, requestId = 10
01:28:02:403  INFO 18276 --- [nacos-grpc-client-executor-139] com.alibaba.nacos.common.remote.client   : [dbf562ef-7ae2-4b28-9dda-8a53f8177d8f] Receive server push request, request = NotifySubscriberRequest, requestId = 13
01:28:02:403  INFO 18276 --- [nacos-grpc-client-executor-139] com.alibaba.nacos.common.remote.client   : [dbf562ef-7ae2-4b28-9dda-8a53f8177d8f] Ack server push request, request = NotifySubscriberRequest, requestId = 13
01:34:00:905  INFO 18276 --- [nacos-grpc-client-executor-227] com.alibaba.nacos.common.remote.client   : [dbf562ef-7ae2-4b28-9dda-8a53f8177d8f] Receive server push request, request = NotifySubscriberRequest, requestId = 16
01:34:00:906  INFO 18276 --- [nacos-grpc-client-executor-227] com.alibaba.nacos.common.remote.client   : [dbf562ef-7ae2-4b28-9dda-8a53f8177d8f] Ack server push request, request = NotifySubscriberRequest, requestId = 16
01:35:36:829  INFO 18276 --- [nacos-grpc-client-executor-258] com.alibaba.nacos.common.remote.client   : [dbf562ef-7ae2-4b28-9dda-8a53f8177d8f] Receive server push request, request = NotifySubscriberRequest, requestId = 17
01:35:36:831  INFO 18276 --- [nacos-grpc-client-executor-258] com.alibaba.nacos.common.remote.client   : [dbf562ef-7ae2-4b28-9dda-8a53f8177d8f] Ack server push request, request = NotifySubscriberRequest, requestId = 17
01:35:47:322  INFO 18276 --- [nacos-grpc-client-executor-260] com.alibaba.nacos.common.remote.client   : [dbf562ef-7ae2-4b28-9dda-8a53f8177d8f] Receive server push request, request = NotifySubscriberRequest, requestId = 19
01:35:47:324  INFO 18276 --- [nacos-grpc-client-executor-260] com.alibaba.nacos.common.remote.client   : [dbf562ef-7ae2-4b28-9dda-8a53f8177d8f] Ack server push request, request = NotifySubscriberRequest, requestId = 19
02:14:28:055  WARN 18276 --- [Thread-5] c.a.nacos.common.notify.NotifyCenter     : [NotifyCenter] Start destroying Publisher
02:14:28:055  WARN 18276 --- [Thread-1] c.a.n.common.http.HttpClientBeanHolder   : [HttpClientBeanHolder] Start destroying common HttpClient
02:14:28:056  WARN 18276 --- [Thread-5] c.a.nacos.common.notify.NotifyCenter     : [NotifyCenter] Destruction of the end
02:14:28:056  WARN 18276 --- [Thread-1] c.a.n.common.http.HttpClientBeanHolder   : [HttpClientBeanHolder] Destruction of the end
02:14:28:118  INFO 18276 --- [SpringApplicationShutdownHook] c.a.c.n.registry.NacosServiceRegistry    : De-registering from Nacos Server now...
02:14:28:175  INFO 18276 --- [SpringApplicationShutdownHook] c.a.c.n.registry.NacosServiceRegistry    : De-registration finished.
02:14:28:502  INFO 18276 --- [SpringApplicationShutdownHook] com.alibaba.nacos.common.remote.client   : Shutdown rpc client, set status to shutdown
02:14:28:502  INFO 18276 --- [SpringApplicationShutdownHook] com.alibaba.nacos.common.remote.client   : Shutdown client event executor java.util.concurrent.ScheduledThreadPoolExecutor@4412042d[Running, pool size = 2, active threads = 2, queued tasks = 0, completed tasks = 0]
02:14:28:502  INFO 18276 --- [SpringApplicationShutdownHook] com.alibaba.nacos.common.remote.client   : Close current connection 1764609692665_120.32.141.64_6047
02:14:28:502  INFO 18276 --- [SpringApplicationShutdownHook] c.a.n.c.remote.client.grpc.GrpcClient    : Shutdown grpc executor java.util.concurrent.ThreadPoolExecutor@4b393168[Running, pool size = 4, active threads = 0, queued tasks = 0, completed tasks = 867]
